Aseguradora,Plan,Edad,Sexo,Precio_Sano,Precio_Cronico
Rímac Seguros,Red Preferente,0,Ambos,4129.0,4129.0
Rímac Seguros,Red Preferente,1,Ambos,4129.0,4129.0
Rímac Seguros,Red Preferente,2,Ambos,4129.0,4129.0
Rímac Seguros,Red Preferente,3,Ambos,4129.0,4129.0
Rímac Seguros,Red Preferente,4,Ambos,4129.0,4129.0
Rímac Seguros,Red Preferente,5,Ambos,4129.0,4129.0
Rímac Seguros,Red Preferente,6,Ambos,4129.0,4129.0
Rímac Seguros,Red Preferente,7,Ambos,4129.0,4129.0
Rímac Seguros,Red Preferente,8,Ambos,4129.0,4129.0
Rímac Seguros,Red Preferente,9,Ambos,4129.0,4129.0
Rímac Seguros,Red Preferente,10,Ambos,4129.0,4129.0
Rímac Seguros,Red Preferente,11,Ambos,4129.0,4129.0
Rímac Seguros,Red Preferente,12,Ambos,4129.0,4129.0
Rímac Seguros,Red Preferente,13,Ambos,4129.0,4129.0
Rímac Seguros,Red Preferente,14,Ambos,4129.0,4129.0
Rímac Seguros,Red Preferente,15,Ambos,4129.0,4129.0
Rímac Seguros,Red Preferente,16,Ambos,4129.0,4129.0
Rímac Seguros,Red Preferente,17,Ambos,4129.0,4129.0
Rímac Seguros,Red Preferente,18,Ambos,4129.0,4129.0
Rímac Seguros,Red Preferente,19,Ambos,4129.0,4129.0
Rímac Seguros,Red Preferente,20,Ambos,4129.0,4129.0
Rímac Seguros,Red Preferente,21,Ambos,4129.0,4129.0
Rímac Seguros,Red Preferente,22,Ambos,4129.0,4129.0
Rímac Seguros,Red Preferente,23,Ambos,4129.0,4129.0
Rímac Seguros,Red Preferente,24,Ambos,4129.0,4129.0
Rímac Seguros,Red Preferente,25,Ambos,4129.0,4129.0
Rímac Seguros,Red Preferente,26,Ambos,4288.0,4288.0
Rímac Seguros,Red Preferente,27,Ambos,4302.0,4302.0
Rímac Seguros,Red Preferente,28,Ambos,4317.0,4317.0
Rímac Seguros,Red Preferente,29,Ambos,4332.0,4332.0
Rímac Seguros,Red Preferente,30,Ambos,4411.0,4411.0
Rímac Seguros,Red Preferente,31,Ambos,4411.0,4411.0
Rímac Seguros,Red Preferente,32,Ambos,4427.0,4427.0
Rímac Seguros,Red Preferente,33,Ambos,4455.0,4455.0
Rímac Seguros,Red Preferente,34,Ambos,4477.0,4477.0
Rímac Seguros,Red Preferente,35,Ambos,4508.0,4508.0
Rímac Seguros,Red Preferente,36,Ambos,4575.0,4575.0
Rímac Seguros,Red Preferente,37,Ambos,4575.0,4575.0
Rímac Seguros,Red Preferente,38,Ambos,4624.0,4624.0
Rímac Seguros,Red Preferente,39,Ambos,4642.0,4642.0
Rímac Seguros,Red Preferente,40,Ambos,5094.0,5094.0
Rímac Seguros,Red Preferente,41,Ambos,5313.0,5313.0
Rímac Seguros,Red Preferente,42,Ambos,5464.0,5464.0
Rímac Seguros,Red Preferente,43,Ambos,5585.0,5585.0
Rímac Seguros,Red Preferente,44,Ambos,5688.0,5688.0
Rímac Seguros,Red Preferente,45,Ambos,5806.0,5806.0
Rímac Seguros,Red Preferente,46,Ambos,6032.0,6032.0
Rímac Seguros,Red Preferente,47,Ambos,6336.0,6336.0
Rímac Seguros,Red Preferente,48,Ambos,6589.0,6589.0
Rímac Seguros,Red Preferente,49,Ambos,7010.0,7010.0
Rímac Seguros,Red Preferente,50,Ambos,7366.0,7366.0
Rímac Seguros,Red Preferente,51,Ambos,7689.0,7689.0
Rímac Seguros,Red Preferente,52,Ambos,8280.0,8280.0
Rímac Seguros,Red Preferente,53,Ambos,8537.0,8537.0
Rímac Seguros,Red Preferente,54,Ambos,8867.0,8867.0
Rímac Seguros,Red Preferente,55,Ambos,9255.0,9255.0
Rímac Seguros,Red Preferente,56,Ambos,9862.0,9862.0
Rímac Seguros,Red Preferente,57,Ambos,10422.0,10422.0
Rímac Seguros,Red Preferente,58,Ambos,10918.0,10918.0
Rímac Seguros,Red Preferente,59,Ambos,11558.0,11558.0
Rímac Seguros,Red Preferente,60,Ambos,11850.0,11850.0
Rímac Seguros,Red Preferente,61,Ambos,12856.0,12856.0
Rímac Seguros,Red Preferente,62,Ambos,14189.0,14189.0
Rímac Seguros,Red Preferente,63,Ambos,15543.0,15543.0
Rímac Seguros,Red Preferente,64,Ambos,16956.0,16956.0
Rímac Seguros,Red Preferente,65,Ambos,17857.0,17857.0
Rímac Seguros,Red Preferente,66,Ambos,19005.0,19005.0
Rímac Seguros,Red Preferente,67,Ambos,20214.0,20214.0
Rímac Seguros,Red Preferente,68,Ambos,21104.0,21104.0
Rímac Seguros,Red Preferente,69,Ambos,22424.0,22424.0
Rímac Seguros,Red Preferente,70,Ambos,23607.0,23607.0
Rímac Seguros,Red Preferente,71,Ambos,24999.0,24999.0
Rímac Seguros,Red Preferente,72,Ambos,24999.0,24999.0
Rímac Seguros,Red Preferente,73,Ambos,24999.0,24999.0
Rímac Seguros,Red Preferente,74,Ambos,24999.0,24999.0
Rímac Seguros,Red Preferente,75,Ambos,24999.0,24999.0
Rímac Seguros,Red Preferente,76,Ambos,27447.0,27447.0
Rímac Seguros,Red Preferente,77,Ambos,27447.0,27447.0
Rímac Seguros,Red Preferente,78,Ambos,27447.0,27447.0
Rímac Seguros,Red Preferente,79,Ambos,27447.0,27447.0
Rímac Seguros,Red Preferente,80,Ambos,27447.0,27447.0
Rímac Seguros,Red Preferente,81,Ambos,29769.0,29769.0
Rímac Seguros,Red Médica,0,Ambos,4591.0,4591.0
Rímac Seguros,Red Médica,1,Ambos,4591.0,4591.0
Rímac Seguros,Red Médica,2,Ambos,4591.0,4591.0
Rímac Seguros,Red Médica,3,Ambos,4591.0,4591.0
Rímac Seguros,Red Médica,4,Ambos,4591.0,4591.0
Rímac Seguros,Red Médica,5,Ambos,4591.0,4591.0
Rímac Seguros,Red Médica,6,Ambos,4591.0,4591.0
Rímac Seguros,Red Médica,7,Ambos,4591.0,4591.0
Rímac Seguros,Red Médica,8,Ambos,4591.0,4591.0
Rímac Seguros,Red Médica,9,Ambos,4591.0,4591.0
Rímac Seguros,Red Médica,10,Ambos,4591.0,4591.0
Rímac Seguros,Red Médica,11,Ambos,4591.0,4591.0
Rímac Seguros,Red Médica,12,Ambos,4591.0,4591.0
Rímac Seguros,Red Médica,13,Ambos,4591.0,4591.0
Rímac Seguros,Red Médica,14,Ambos,4591.0,4591.0
Rímac Seguros,Red Médica,15,Ambos,4591.0,4591.0
Rímac Seguros,Red Médica,16,Ambos,4591.0,4591.0
Rímac Seguros,Red Médica,17,Ambos,4591.0,4591.0
Rímac Seguros,Red Médica,18,Ambos,4591.0,4591.0
Rímac Seguros,Red Médica,19,Ambos,4591.0,4591.0
Rímac Seguros,Red Médica,20,Ambos,4591.0,4591.0
Rímac Seguros,Red Médica,21,Ambos,4591.0,4591.0
Rímac Seguros,Red Médica,22,Ambos,4591.0,4591.0
Rímac Seguros,Red Médica,23,Ambos,4591.0,4591.0
Rímac Seguros,Red Médica,24,Ambos,4591.0,4591.0
Rímac Seguros,Red Médica,25,Ambos,4591.0,4591.0
Rímac Seguros,Red Médica,26,Ambos,5142.0,5142.0
Rímac Seguros,Red Médica,27,Ambos,5480.0,5480.0
Rímac Seguros,Red Médica,28,Ambos,5736.0,5736.0
Rímac Seguros,Red Médica,29,Ambos,5928.0,5928.0
Rímac Seguros,Red Médica,30,Ambos,5947.0,5947.0
Rímac Seguros,Red Médica,31,Ambos,6012.0,6012.0
Rímac Seguros,Red Médica,32,Ambos,6030.0,6030.0
Rímac Seguros,Red Médica,33,Ambos,6079.0,6079.0
Rímac Seguros,Red Médica,34,Ambos,6098.0,6098.0
Rímac Seguros,Red Médica,35,Ambos,6162.0,6162.0
Rímac Seguros,Red Médica,36,Ambos,6163.0,6163.0
Rímac Seguros,Red Médica,37,Ambos,6165.0,6165.0
Rímac Seguros,Red Médica,38,Ambos,6165.0,6165.0
Rímac Seguros,Red Médica,39,Ambos,6167.0,6167.0
Rímac Seguros,Red Médica,40,Ambos,6213.0,6213.0
Rímac Seguros,Red Médica,41,Ambos,6694.0,6694.0
Rímac Seguros,Red Médica,42,Ambos,7157.0,7157.0
Rímac Seguros,Red Médica,43,Ambos,7759.0,7759.0
Rímac Seguros,Red Médica,44,Ambos,8014.0,8014.0
Rímac Seguros,Red Médica,45,Ambos,8297.0,8297.0
Rímac Seguros,Red Médica,46,Ambos,8875.0,8875.0
Rímac Seguros,Red Médica,47,Ambos,9222.0,9222.0
Rímac Seguros,Red Médica,48,Ambos,9498.0,9498.0
Rímac Seguros,Red Médica,49,Ambos,9785.0,9785.0
Rímac Seguros,Red Médica,50,Ambos,10126.0,10126.0
Rímac Seguros,Red Médica,51,Ambos,10773.0,10773.0
Rímac Seguros,Red Médica,52,Ambos,11233.0,11233.0
Rímac Seguros,Red Médica,53,Ambos,11581.0,11581.0
Rímac Seguros,Red Médica,54,Ambos,12052.0,12052.0
Rímac Seguros,Red Médica,55,Ambos,12559.0,12559.0
Rímac Seguros,Red Médica,56,Ambos,13065.0,13065.0
Rímac Seguros,Red Médica,57,Ambos,13568.0,13568.0
Rímac Seguros,Red Médica,58,Ambos,14163.0,14163.0
Rímac Seguros,Red Médica,59,Ambos,15188.0,15188.0
Rímac Seguros,Red Médica,60,Ambos,16585.0,16585.0
Rímac Seguros,Red Médica,61,Ambos,17530.0,17530.0
Rímac Seguros,Red Médica,62,Ambos,19249.0,19249.0
Rímac Seguros,Red Médica,63,Ambos,20662.0,20662.0
Rímac Seguros,Red Médica,64,Ambos,22068.0,22068.0
Rímac Seguros,Red Médica,65,Ambos,23892.0,23892.0
Rímac Seguros,Red Médica,66,Ambos,26343.0,26343.0
Rímac Seguros,Red Médica,67,Ambos,28768.0,28768.0
Rímac Seguros,Red Médica,68,Ambos,30468.0,30468.0
Rímac Seguros,Red Médica,69,Ambos,31513.0,31513.0
Rímac Seguros,Red Médica,70,Ambos,34155.0,34155.0
Rímac Seguros,Red Médica,71,Ambos,34155.0,34155.0
Rímac Seguros,Red Médica,72,Ambos,34155.0,34155.0
Rímac Seguros,Red Médica,73,Ambos,34155.0,34155.0
Rímac Seguros,Red Médica,74,Ambos,34155.0,34155.0
Rímac Seguros,Red Médica,75,Ambos,34155.0,34155.0
Rímac Seguros,Red Médica,76,Ambos,34155.0,34155.0
Rímac Seguros,Red Médica,77,Ambos,34155.0,34155.0
Rímac Seguros,Red Médica,78,Ambos,34155.0,34155.0
Rímac Seguros,Red Médica,79,Ambos,34155.0,34155.0
Rímac Seguros,Red Médica,80,Ambos,34155.0,34155.0
Rímac Seguros,Red Médica,81,Ambos,43889.0,43889.0
Rímac Seguros,Full Salud,0,Ambos,5985.0,5985.0
Rímac Seguros,Full Salud,1,Ambos,5985.0,5985.0
Rímac Seguros,Full Salud,2,Ambos,5985.0,5985.0
Rímac Seguros,Full Salud,3,Ambos,5985.0,5985.0
Rímac Seguros,Full Salud,4,Ambos,5985.0,5985.0
Rímac Seguros,Full Salud,5,Ambos,5985.0,5985.0
Rímac Seguros,Full Salud,6,Ambos,5985.0,5985.0
Rímac Seguros,Full Salud,7,Ambos,5985.0,5985.0
Rímac Seguros,Full Salud,8,Ambos,5985.0,5985.0
Rímac Seguros,Full Salud,9,Ambos,5985.0,5985.0
Rímac Seguros,Full Salud,10,Ambos,5985.0,5985.0
Rímac Seguros,Full Salud,11,Ambos,5985.0,5985.0
Rímac Seguros,Full Salud,12,Ambos,5985.0,5985.0
Rímac Seguros,Full Salud,13,Ambos,5985.0,5985.0
Rímac Seguros,Full Salud,14,Ambos,5985.0,5985.0
Rímac Seguros,Full Salud,15,Ambos,5985.0,5985.0
Rímac Seguros,Full Salud,16,Ambos,5985.0,5985.0
Rímac Seguros,Full Salud,17,Ambos,5985.0,5985.0
Rímac Seguros,Full Salud,18,Ambos,5985.0,5985.0
Rímac Seguros,Full Salud,19,Ambos,5985.0,5985.0
Rímac Seguros,Full Salud,20,Ambos,5985.0,5985.0
Rímac Seguros,Full Salud,21,Ambos,5985.0,5985.0
Rímac Seguros,Full Salud,22,Ambos,5985.0,5985.0
Rímac Seguros,Full Salud,23,Ambos,5985.0,5985.0
Rímac Seguros,Full Salud,24,Ambos,5985.0,5985.0
Rímac Seguros,Full Salud,25,Ambos,5985.0,5985.0
Rímac Seguros,Full Salud,26,Ambos,6449.0,6449.0
Rímac Seguros,Full Salud,27,Ambos,6791.0,6791.0
Rímac Seguros,Full Salud,28,Ambos,7115.0,7115.0
Rímac Seguros,Full Salud,29,Ambos,7500.0,7500.0
Rímac Seguros,Full Salud,30,Ambos,7929.0,7929.0
Rímac Seguros,Full Salud,31,Ambos,8193.0,8193.0
Rímac Seguros,Full Salud,32,Ambos,8513.0,8513.0
Rímac Seguros,Full Salud,33,Ambos,8714.0,8714.0
Rímac Seguros,Full Salud,34,Ambos,8886.0,8886.0
Rímac Seguros,Full Salud,35,Ambos,9025.0,9025.0
Rímac Seguros,Full Salud,36,Ambos,9134.0,9134.0
Rímac Seguros,Full Salud,37,Ambos,9245.0,9245.0
Rímac Seguros,Full Salud,38,Ambos,9429.0,9429.0
Rímac Seguros,Full Salud,39,Ambos,9629.0,9629.0
Rímac Seguros,Full Salud,40,Ambos,10038.0,10038.0
Rímac Seguros,Full Salud,41,Ambos,10401.0,10401.0
Rímac Seguros,Full Salud,42,Ambos,10898.0,10898.0
Rímac Seguros,Full Salud,43,Ambos,11276.0,11276.0
Rímac Seguros,Full Salud,44,Ambos,11681.0,11681.0
Rímac Seguros,Full Salud,45,Ambos,11967.0,11967.0
Rímac Seguros,Full Salud,46,Ambos,12596.0,12596.0
Rímac Seguros,Full Salud,47,Ambos,13044.0,13044.0
Rímac Seguros,Full Salud,48,Ambos,13375.0,13375.0
Rímac Seguros,Full Salud,49,Ambos,13866.0,13866.0
Rímac Seguros,Full Salud,50,Ambos,14463.0,14463.0
Rímac Seguros,Full Salud,51,Ambos,15523.0,15523.0
Rímac Seguros,Full Salud,52,Ambos,16663.0,16663.0
Rímac Seguros,Full Salud,53,Ambos,17604.0,17604.0
Rímac Seguros,Full Salud,54,Ambos,18457.0,18457.0
Rímac Seguros,Full Salud,55,Ambos,19232.0,19232.0
Rímac Seguros,Full Salud,56,Ambos,19843.0,19843.0
Rímac Seguros,Full Salud,57,Ambos,20990.0,20990.0
Rímac Seguros,Full Salud,58,Ambos,22150.0,22150.0
Rímac Seguros,Full Salud,59,Ambos,23369.0,23369.0
Rímac Seguros,Full Salud,60,Ambos,24825.0,24825.0
Rímac Seguros,Full Salud,61,Ambos,26055.0,26055.0
Rímac Seguros,Full Salud,62,Ambos,27538.0,27538.0
Rímac Seguros,Full Salud,63,Ambos,29403.0,29403.0
Rímac Seguros,Full Salud,64,Ambos,31728.0,31728.0
Rímac Seguros,Full Salud,65,Ambos,33902.0,33902.0
Rímac Seguros,Full Salud,66,Ambos,35073.0,35073.0
Rímac Seguros,Full Salud,67,Ambos,37572.0,37572.0
Rímac Seguros,Full Salud,68,Ambos,39746.0,39746.0
Rímac Seguros,Full Salud,69,Ambos,42157.0,42157.0
Rímac Seguros,Full Salud,70,Ambos,42246.0,42246.0
Rímac Seguros,Full Salud,71,Ambos,42246.0,42246.0
Rímac Seguros,Full Salud,72,Ambos,42246.0,42246.0
Rímac Seguros,Full Salud,73,Ambos,42246.0,42246.0
Rímac Seguros,Full Salud,74,Ambos,42246.0,42246.0
Rímac Seguros,Full Salud,75,Ambos,50136.0,50136.0
Rímac Seguros,Full Salud,76,Ambos,50136.0,50136.0
Rímac Seguros,Full Salud,77,Ambos,50136.0,50136.0
Rímac Seguros,Full Salud,78,Ambos,50136.0,50136.0
Rímac Seguros,Full Salud,79,Ambos,50136.0,50136.0
Rímac Seguros,Full Salud,80,Ambos,57033.0,57033.0
Rímac Seguros,Full Salud,81,Ambos,63872.0,63872.0
Rímac Seguros,Salud Preferencial,0,Ambos,11174.0,11174.0
Rímac Seguros,Salud Preferencial,1,Ambos,11174.0,11174.0
Rímac Seguros,Salud Preferencial,2,Ambos,11174.0,11174.0
Rímac Seguros,Salud Preferencial,3,Ambos,11174.0,11174.0
Rímac Seguros,Salud Preferencial,4,Ambos,11174.0,11174.0
Rímac Seguros,Salud Preferencial,5,Ambos,11174.0,11174.0
Rímac Seguros,Salud Preferencial,6,Ambos,11174.0,11174.0
Rímac Seguros,Salud Preferencial,7,Ambos,11174.0,11174.0
Rímac Seguros,Salud Preferencial,8,Ambos,11174.0,11174.0
Rímac Seguros,Salud Preferencial,9,Ambos,11174.0,11174.0
Rímac Seguros,Salud Preferencial,10,Ambos,11174.0,11174.0
Rímac Seguros,Salud Preferencial,11,Ambos,11174.0,11174.0
Rímac Seguros,Salud Preferencial,12,Ambos,11174.0,11174.0
Rímac Seguros,Salud Preferencial,13,Ambos,11174.0,11174.0
Rímac Seguros,Salud Preferencial,14,Ambos,11174.0,11174.0
Rímac Seguros,Salud Preferencial,15,Ambos,11174.0,11174.0
Rímac Seguros,Salud Preferencial,16,Ambos,11174.0,11174.0
Rímac Seguros,Salud Preferencial,17,Ambos,11174.0,11174.0
Rímac Seguros,Salud Preferencial,18,Ambos,11174.0,11174.0
Rímac Seguros,Salud Preferencial,19,Ambos,11174.0,11174.0
Rímac Seguros,Salud Preferencial,20,Ambos,11174.0,11174.0
Rímac Seguros,Salud Preferencial,21,Ambos,11174.0,11174.0
Rímac Seguros,Salud Preferencial,22,Ambos,11174.0,11174.0
Rímac Seguros,Salud Preferencial,23,Ambos,11174.0,11174.0
Rímac Seguros,Salud Preferencial,24,Ambos,11174.0,11174.0
Rímac Seguros,Salud Preferencial,25,Ambos,11174.0,11174.0
Rímac Seguros,Salud Preferencial,26,Ambos,12148.0,12148.0
Rímac Seguros,Salud Preferencial,27,Ambos,13383.0,13383.0
Rímac Seguros,Salud Preferencial,28,Ambos,14404.0,14404.0
Rímac Seguros,Salud Preferencial,29,Ambos,15024.0,15024.0
Rímac Seguros,Salud Preferencial,30,Ambos,15452.0,15452.0
Rímac Seguros,Salud Preferencial,31,Ambos,15618.0,15618.0
Rímac Seguros,Salud Preferencial,32,Ambos,15724.0,15724.0
Rímac Seguros,Salud Preferencial,33,Ambos,15816.0,15816.0
Rímac Seguros,Salud Preferencial,34,Ambos,15865.0,15865.0
Rímac Seguros,Salud Preferencial,35,Ambos,16016.0,16016.0
Rímac Seguros,Salud Preferencial,36,Ambos,16238.0,16238.0
Rímac Seguros,Salud Preferencial,37,Ambos,16629.0,16629.0
Rímac Seguros,Salud Preferencial,38,Ambos,16976.0,16976.0
Rímac Seguros,Salud Preferencial,39,Ambos,17237.0,17237.0
Rímac Seguros,Salud Preferencial,40,Ambos,17457.0,17457.0
Rímac Seguros,Salud Preferencial,41,Ambos,17645.0,17645.0
Rímac Seguros,Salud Preferencial,42,Ambos,17695.0,17695.0
Rímac Seguros,Salud Preferencial,43,Ambos,17858.0,17858.0
Rímac Seguros,Salud Preferencial,44,Ambos,18034.0,18034.0
Rímac Seguros,Salud Preferencial,45,Ambos,18084.0,18084.0
Rímac Seguros,Salud Preferencial,46,Ambos,18857.0,18857.0
Rímac Seguros,Salud Preferencial,47,Ambos,19750.0,19750.0
Rímac Seguros,Salud Preferencial,48,Ambos,20709.0,20709.0
Rímac Seguros,Salud Preferencial,49,Ambos,21705.0,21705.0
Rímac Seguros,Salud Preferencial,50,Ambos,22835.0,22835.0
Rímac Seguros,Salud Preferencial,51,Ambos,23865.0,23865.0
Rímac Seguros,Salud Preferencial,52,Ambos,24692.0,24692.0
Rímac Seguros,Salud Preferencial,53,Ambos,26924.0,26924.0
Rímac Seguros,Salud Preferencial,54,Ambos,28321.0,28321.0
Rímac Seguros,Salud Preferencial,55,Ambos,30217.0,30217.0
Rímac Seguros,Salud Preferencial,56,Ambos,31525.0,31525.0
Rímac Seguros,Salud Preferencial,57,Ambos,33158.0,33158.0
Rímac Seguros,Salud Preferencial,58,Ambos,34561.0,34561.0
Rímac Seguros,Salud Preferencial,59,Ambos,36095.0,36095.0
Rímac Seguros,Salud Preferencial,60,Ambos,38373.0,38373.0
Rímac Seguros,Salud Preferencial,61,Ambos,42198.0,42198.0
Rímac Seguros,Salud Preferencial,62,Ambos,45748.0,45748.0
Rímac Seguros,Salud Preferencial,63,Ambos,48645.0,48645.0
Rímac Seguros,Salud Preferencial,64,Ambos,53052.0,53052.0
Rímac Seguros,Salud Preferencial,65,Ambos,56637.0,56637.0
Rímac Seguros,Salud Preferencial,66,Ambos,56637.0,56637.0
Rímac Seguros,Salud Preferencial,67,Ambos,58907.0,58907.0
Rímac Seguros,Salud Preferencial,68,Ambos,61915.0,61915.0
Rímac Seguros,Salud Preferencial,69,Ambos,65397.0,65397.0
Rímac Seguros,Salud Preferencial,70,Ambos,67454.0,67454.0
Rímac Seguros,Salud Preferencial,71,Ambos,69068.0,69068.0
Rímac Seguros,Salud Preferencial,72,Ambos,0.0,0.0
Rímac Seguros,Salud Preferencial,73,Ambos,0.0,0.0
Rímac Seguros,Salud Preferencial,74,Ambos,0.0,0.0
Rímac Seguros,Salud Preferencial,75,Ambos,0.0,0.0
Rímac Seguros,Salud Preferencial,76,Ambos,0.0,0.0
Rímac Seguros,Salud Preferencial,77,Ambos,0.0,0.0
Rímac Seguros,Salud Preferencial,78,Ambos,0.0,0.0
Rímac Seguros,Salud Preferencial,79,Ambos,0.0,0.0
Rímac Seguros,Salud Preferencial,80,Ambos,0.0,0.0
Rímac Seguros,Salud Preferencial,81,Ambos,0.0,0.0
Rímac Seguros,Oro - Plan preferente,0,Ambos,0.0,0.0
Rímac Seguros,Oro - Plan preferente,1,Ambos,0.0,0.0
Rímac Seguros,Oro - Plan preferente,2,Ambos,0.0,0.0
Rímac Seguros,Oro - Plan preferente,3,Ambos,0.0,0.0
Rímac Seguros,Oro - Plan preferente,4,Ambos,0.0,0.0
Rímac Seguros,Oro - Plan preferente,5,Ambos,0.0,0.0
Rímac Seguros,Oro - Plan preferente,6,Ambos,0.0,0.0
Rímac Seguros,Oro - Plan preferente,7,Ambos,0.0,0.0
Rímac Seguros,Oro - Plan preferente,8,Ambos,0.0,0.0
Rímac Seguros,Oro - Plan preferente,9,Ambos,0.0,0.0
Rímac Seguros,Oro - Plan preferente,10,Ambos,0.0,0.0
Rímac Seguros,Oro - Plan preferente,11,Ambos,0.0,0.0
Rímac Seguros,Oro - Plan preferente,12,Ambos,0.0,0.0
Rímac Seguros,Oro - Plan preferente,13,Ambos,0.0,0.0
Rímac Seguros,Oro - Plan preferente,14,Ambos,0.0,0.0
Rímac Seguros,Oro - Plan preferente,15,Ambos,0.0,0.0
Rímac Seguros,Oro - Plan preferente,16,Ambos,0.0,0.0
Rímac Seguros,Oro - Plan preferente,17,Ambos,0.0,0.0
Rímac Seguros,Oro - Plan preferente,18,Ambos,0.0,0.0
Rímac Seguros,Oro - Plan preferente,19,Ambos,0.0,0.0
Rímac Seguros,Oro - Plan preferente,20,Ambos,0.0,0.0
Rímac Seguros,Oro - Plan preferente,21,Ambos,0.0,0.0
Rímac Seguros,Oro - Plan preferente,22,Ambos,0.0,0.0
Rímac Seguros,Oro - Plan preferente,23,Ambos,0.0,0.0
Rímac Seguros,Oro - Plan preferente,24,Ambos,0.0,0.0
Rímac Seguros,Oro - Plan preferente,25,Ambos,0.0,0.0
Rímac Seguros,Oro - Plan preferente,26,Ambos,0.0,0.0
Rímac Seguros,Oro - Plan preferente,27,Ambos,0.0,0.0
Rímac Seguros,Oro - Plan preferente,28,Ambos,0.0,0.0
Rímac Seguros,Oro - Plan preferente,29,Ambos,0.0,0.0
Rímac Seguros,Oro - Plan preferente,30,Ambos,0.0,0.0
Rímac Seguros,Oro - Plan preferente,31,Ambos,0.0,0.0
Rímac Seguros,Oro - Plan preferente,32,Ambos,0.0,0.0
Rímac Seguros,Oro - Plan preferente,33,Ambos,0.0,0.0
Rímac Seguros,Oro - Plan preferente,34,Ambos,0.0,0.0
Rímac Seguros,Oro - Plan preferente,35,Ambos,0.0,0.0
Rímac Seguros,Oro - Plan preferente,36,Ambos,0.0,0.0
Rímac Seguros,Oro - Plan preferente,37,Ambos,0.0,0.0
Rímac Seguros,Oro - Plan preferente,38,Ambos,0.0,0.0
Rímac Seguros,Oro - Plan preferente,39,Ambos,0.0,0.0
Rímac Seguros,Oro - Plan preferente,40,Ambos,0.0,0.0
Rímac Seguros,Oro - Plan preferente,41,Ambos,0.0,0.0
Rímac Seguros,Oro - Plan preferente,42,Ambos,0.0,0.0
Rímac Seguros,Oro - Plan preferente,43,Ambos,0.0,0.0
Rímac Seguros,Oro - Plan preferente,44,Ambos,0.0,0.0
Rímac Seguros,Oro - Plan preferente,45,Ambos,0.0,0.0
Rímac Seguros,Oro - Plan preferente,46,Ambos,0.0,0.0
Rímac Seguros,Oro - Plan preferente,47,Ambos,0.0,0.0
Rímac Seguros,Oro - Plan preferente,48,Ambos,0.0,0.0
Rímac Seguros,Oro - Plan preferente,49,Ambos,0.0,0.0
Rímac Seguros,Oro - Plan preferente,50,Ambos,0.0,0.0
Rímac Seguros,Oro - Plan preferente,51,Ambos,0.0,0.0
Rímac Seguros,Oro - Plan preferente,52,Ambos,0.0,0.0
Rímac Seguros,Oro - Plan preferente,53,Ambos,0.0,0.0
Rímac Seguros,Oro - Plan preferente,54,Ambos,0.0,0.0
Rímac Seguros,Oro - Plan preferente,55,Ambos,0.0,0.0
Rímac Seguros,Oro - Plan preferente,56,Ambos,0.0,0.0
Rímac Seguros,Oro - Plan preferente,57,Ambos,0.0,0.0
Rímac Seguros,Oro - Plan preferente,58,Ambos,0.0,0.0
Rímac Seguros,Oro - Plan preferente,59,Ambos,0.0,0.0
Rímac Seguros,Oro - Plan preferente,60,Ambos,7599.0,7599.0
Rímac Seguros,Oro - Plan preferente,61,Ambos,8823.0,8823.0
Rímac Seguros,Oro - Plan preferente,62,Ambos,9360.0,9360.0
Rímac Seguros,Oro - Plan preferente,63,Ambos,9858.0,9858.0
Rímac Seguros,Oro - Plan preferente,64,Ambos,10191.0,10191.0
Rímac Seguros,Oro - Plan preferente,65,Ambos,10441.0,10441.0
Rímac Seguros,Oro - Plan preferente,66,Ambos,10980.0,10980.0
Rímac Seguros,Oro - Plan preferente,67,Ambos,11366.0,11366.0
Rímac Seguros,Oro - Plan preferente,68,Ambos,11728.0,11728.0
Rímac Seguros,Oro - Plan preferente,69,Ambos,12191.0,12191.0
Rímac Seguros,Oro - Plan preferente,70,Ambos,12721.0,12721.0
Rímac Seguros,Oro - Plan preferente,71,Ambos,13375.0,13375.0
Rímac Seguros,Oro - Plan preferente,72,Ambos,13375.0,13375.0
Rímac Seguros,Oro - Plan preferente,73,Ambos,13375.0,13375.0
Rímac Seguros,Oro - Plan preferente,74,Ambos,13375.0,13375.0
Rímac Seguros,Oro - Plan preferente,75,Ambos,13375.0,13375.0
Rímac Seguros,Oro - Plan preferente,76,Ambos,14266.0,14266.0
Rímac Seguros,Oro - Plan preferente,77,Ambos,14266.0,14266.0
Rímac Seguros,Oro - Plan preferente,78,Ambos,14266.0,14266.0
Rímac Seguros,Oro - Plan preferente,79,Ambos,14266.0,14266.0
Rímac Seguros,Oro - Plan preferente,80,Ambos,14266.0,14266.0
Rímac Seguros,Oro - Plan preferente,81,Ambos,14584.0,14584.0
Rímac Seguros,Oro - Plan Red,0,Ambos,0.0,0.0
Rímac Seguros,Oro - Plan Red,1,Ambos,0.0,0.0
Rímac Seguros,Oro - Plan Red,2,Ambos,0.0,0.0
Rímac Seguros,Oro - Plan Red,3,Ambos,0.0,0.0
Rímac Seguros,Oro - Plan Red,4,Ambos,0.0,0.0
Rímac Seguros,Oro - Plan Red,5,Ambos,0.0,0.0
Rímac Seguros,Oro - Plan Red,6,Ambos,0.0,0.0
Rímac Seguros,Oro - Plan Red,7,Ambos,0.0,0.0
Rímac Seguros,Oro - Plan Red,8,Ambos,0.0,0.0
Rímac Seguros,Oro - Plan Red,9,Ambos,0.0,0.0
Rímac Seguros,Oro - Plan Red,10,Ambos,0.0,0.0
Rímac Seguros,Oro - Plan Red,11,Ambos,0.0,0.0
Rímac Seguros,Oro - Plan Red,12,Ambos,0.0,0.0
Rímac Seguros,Oro - Plan Red,13,Ambos,0.0,0.0
Rímac Seguros,Oro - Plan Red,14,Ambos,0.0,0.0
Rímac Seguros,Oro - Plan Red,15,Ambos,0.0,0.0
Rímac Seguros,Oro - Plan Red,16,Ambos,0.0,0.0
Rímac Seguros,Oro - Plan Red,17,Ambos,0.0,0.0
Rímac Seguros,Oro - Plan Red,18,Ambos,0.0,0.0
Rímac Seguros,Oro - Plan Red,19,Ambos,0.0,0.0
Rímac Seguros,Oro - Plan Red,20,Ambos,0.0,0.0
Rímac Seguros,Oro - Plan Red,21,Ambos,0.0,0.0
Rímac Seguros,Oro - Plan Red,22,Ambos,0.0,0.0
Rímac Seguros,Oro - Plan Red,23,Ambos,0.0,0.0
Rímac Seguros,Oro - Plan Red,24,Ambos,0.0,0.0
Rímac Seguros,Oro - Plan Red,25,Ambos,0.0,0.0
Rímac Seguros,Oro - Plan Red,26,Ambos,0.0,0.0
Rímac Seguros,Oro - Plan Red,27,Ambos,0.0,0.0
Rímac Seguros,Oro - Plan Red,28,Ambos,0.0,0.0
Rímac Seguros,Oro - Plan Red,29,Ambos,0.0,0.0
Rímac Seguros,Oro - Plan Red,30,Ambos,0.0,0.0
Rímac Seguros,Oro - Plan Red,31,Ambos,0.0,0.0
Rímac Seguros,Oro - Plan Red,32,Ambos,0.0,0.0
Rímac Seguros,Oro - Plan Red,33,Ambos,0.0,0.0
Rímac Seguros,Oro - Plan Red,34,Ambos,0.0,0.0
Rímac Seguros,Oro - Plan Red,35,Ambos,0.0,0.0
Rímac Seguros,Oro - Plan Red,36,Ambos,0.0,0.0
Rímac Seguros,Oro - Plan Red,37,Ambos,0.0,0.0
Rímac Seguros,Oro - Plan Red,38,Ambos,0.0,0.0
Rímac Seguros,Oro - Plan Red,39,Ambos,0.0,0.0
Rímac Seguros,Oro - Plan Red,40,Ambos,0.0,0.0
Rímac Seguros,Oro - Plan Red,41,Ambos,0.0,0.0
Rímac Seguros,Oro - Plan Red,42,Ambos,0.0,0.0
Rímac Seguros,Oro - Plan Red,43,Ambos,0.0,0.0
Rímac Seguros,Oro - Plan Red,44,Ambos,0.0,0.0
Rímac Seguros,Oro - Plan Red,45,Ambos,0.0,0.0
Rímac Seguros,Oro - Plan Red,46,Ambos,0.0,0.0
Rímac Seguros,Oro - Plan Red,47,Ambos,0.0,0.0
Rímac Seguros,Oro - Plan Red,48,Ambos,0.0,0.0
Rímac Seguros,Oro - Plan Red,49,Ambos,0.0,0.0
Rímac Seguros,Oro - Plan Red,50,Ambos,0.0,0.0
Rímac Seguros,Oro - Plan Red,51,Ambos,0.0,0.0
Rímac Seguros,Oro - Plan Red,52,Ambos,0.0,0.0
Rímac Seguros,Oro - Plan Red,53,Ambos,0.0,0.0
Rímac Seguros,Oro - Plan Red,54,Ambos,0.0,0.0
Rímac Seguros,Oro - Plan Red,55,Ambos,0.0,0.0
Rímac Seguros,Oro - Plan Red,56,Ambos,0.0,0.0
Rímac Seguros,Oro - Plan Red,57,Ambos,0.0,0.0
Rímac Seguros,Oro - Plan Red,58,Ambos,0.0,0.0
Rímac Seguros,Oro - Plan Red,59,Ambos,0.0,0.0
Rímac Seguros,Oro - Plan Red,60,Ambos,12550.0,12550.0
Rímac Seguros,Oro - Plan Red,61,Ambos,14058.0,14058.0
Rímac Seguros,Oro - Plan Red,62,Ambos,14712.0,14712.0
Rímac Seguros,Oro - Plan Red,63,Ambos,15122.0,15122.0
Rímac Seguros,Oro - Plan Red,64,Ambos,15449.0,15449.0
Rímac Seguros,Oro - Plan Red,65,Ambos,15844.0,15844.0
Rímac Seguros,Oro - Plan Red,66,Ambos,16158.0,16158.0
Rímac Seguros,Oro - Plan Red,67,Ambos,16539.0,16539.0
Rímac Seguros,Oro - Plan Red,68,Ambos,16954.0,16954.0
Rímac Seguros,Oro - Plan Red,69,Ambos,17825.0,17825.0
Rímac Seguros,Oro - Plan Red,70,Ambos,18579.0,18579.0
Rímac Seguros,Oro - Plan Red,71,Ambos,19205.0,19205.0
Rímac Seguros,Oro - Plan Red,72,Ambos,19205.0,19205.0
Rímac Seguros,Oro - Plan Red,73,Ambos,19205.0,19205.0
Rímac Seguros,Oro - Plan Red,74,Ambos,19205.0,19205.0
Rímac Seguros,Oro - Plan Red,75,Ambos,19205.0,19205.0
Rímac Seguros,Oro - Plan Red,76,Ambos,20387.0,20387.0
Rímac Seguros,Oro - Plan Red,77,Ambos,20387.0,20387.0
Rímac Seguros,Oro - Plan Red,78,Ambos,20387.0,20387.0
Rímac Seguros,Oro - Plan Red,79,Ambos,20387.0,20387.0
Rímac Seguros,Oro - Plan Red,80,Ambos,20387.0,20387.0
Rímac Seguros,Oro - Plan Red,81,Ambos,21156.0,21156.0
Rímac Seguros,Oro - Plan Completo,0,Ambos,0.0,0.0
Rímac Seguros,Oro - Plan Completo,1,Ambos,0.0,0.0
Rímac Seguros,Oro - Plan Completo,2,Ambos,0.0,0.0
Rímac Seguros,Oro - Plan Completo,3,Ambos,0.0,0.0
Rímac Seguros,Oro - Plan Completo,4,Ambos,0.0,0.0
Rímac Seguros,Oro - Plan Completo,5,Ambos,0.0,0.0
Rímac Seguros,Oro - Plan Completo,6,Ambos,0.0,0.0
Rímac Seguros,Oro - Plan Completo,7,Ambos,0.0,0.0
Rímac Seguros,Oro - Plan Completo,8,Ambos,0.0,0.0
Rímac Seguros,Oro - Plan Completo,9,Ambos,0.0,0.0
Rímac Seguros,Oro - Plan Completo,10,Ambos,0.0,0.0
Rímac Seguros,Oro - Plan Completo,11,Ambos,0.0,0.0
Rímac Seguros,Oro - Plan Completo,12,Ambos,0.0,0.0
Rímac Seguros,Oro - Plan Completo,13,Ambos,0.0,0.0
Rímac Seguros,Oro - Plan Completo,14,Ambos,0.0,0.0
Rímac Seguros,Oro - Plan Completo,15,Ambos,0.0,0.0
Rímac Seguros,Oro - Plan Completo,16,Ambos,0.0,0.0
Rímac Seguros,Oro - Plan Completo,17,Ambos,0.0,0.0
Rímac Seguros,Oro - Plan Completo,18,Ambos,0.0,0.0
Rímac Seguros,Oro - Plan Completo,19,Ambos,0.0,0.0
Rímac Seguros,Oro - Plan Completo,20,Ambos,0.0,0.0
Rímac Seguros,Oro - Plan Completo,21,Ambos,0.0,0.0
Rímac Seguros,Oro - Plan Completo,22,Ambos,0.0,0.0
Rímac Seguros,Oro - Plan Completo,23,Ambos,0.0,0.0
Rímac Seguros,Oro - Plan Completo,24,Ambos,0.0,0.0
Rímac Seguros,Oro - Plan Completo,25,Ambos,0.0,0.0
Rímac Seguros,Oro - Plan Completo,26,Ambos,0.0,0.0
Rímac Seguros,Oro - Plan Completo,27,Ambos,0.0,0.0
Rímac Seguros,Oro - Plan Completo,28,Ambos,0.0,0.0
Rímac Seguros,Oro - Plan Completo,29,Ambos,0.0,0.0
Rímac Seguros,Oro - Plan Completo,30,Ambos,0.0,0.0
Rímac Seguros,Oro - Plan Completo,31,Ambos,0.0,0.0
Rímac Seguros,Oro - Plan Completo,32,Ambos,0.0,0.0
Rímac Seguros,Oro - Plan Completo,33,Ambos,0.0,0.0
Rímac Seguros,Oro - Plan Completo,34,Ambos,0.0,0.0
Rímac Seguros,Oro - Plan Completo,35,Ambos,0.0,0.0
Rímac Seguros,Oro - Plan Completo,36,Ambos,0.0,0.0
Rímac Seguros,Oro - Plan Completo,37,Ambos,0.0,0.0
Rímac Seguros,Oro - Plan Completo,38,Ambos,0.0,0.0
Rímac Seguros,Oro - Plan Completo,39,Ambos,0.0,0.0
Rímac Seguros,Oro - Plan Completo,40,Ambos,0.0,0.0
Rímac Seguros,Oro - Plan Completo,41,Ambos,0.0,0.0
Rímac Seguros,Oro - Plan Completo,42,Ambos,0.0,0.0
Rímac Seguros,Oro - Plan Completo,43,Ambos,0.0,0.0
Rímac Seguros,Oro - Plan Completo,44,Ambos,0.0,0.0
Rímac Seguros,Oro - Plan Completo,45,Ambos,0.0,0.0
Rímac Seguros,Oro - Plan Completo,46,Ambos,0.0,0.0
Rímac Seguros,Oro - Plan Completo,47,Ambos,0.0,0.0
Rímac Seguros,Oro - Plan Completo,48,Ambos,0.0,0.0
Rímac Seguros,Oro - Plan Completo,49,Ambos,0.0,0.0
Rímac Seguros,Oro - Plan Completo,50,Ambos,0.0,0.0
Rímac Seguros,Oro - Plan Completo,51,Ambos,0.0,0.0
Rímac Seguros,Oro - Plan Completo,52,Ambos,0.0,0.0
Rímac Seguros,Oro - Plan Completo,53,Ambos,0.0,0.0
Rímac Seguros,Oro - Plan Completo,54,Ambos,0.0,0.0
Rímac Seguros,Oro - Plan Completo,55,Ambos,0.0,0.0
Rímac Seguros,Oro - Plan Completo,56,Ambos,0.0,0.0
Rímac Seguros,Oro - Plan Completo,57,Ambos,0.0,0.0
Rímac Seguros,Oro - Plan Completo,58,Ambos,0.0,0.0
Rímac Seguros,Oro - Plan Completo,59,Ambos,0.0,0.0
Rímac Seguros,Oro - Plan Completo,60,Ambos,13749.0,13749.0
Rímac Seguros,Oro - Plan Completo,61,Ambos,15513.0,15513.0
Rímac Seguros,Oro - Plan Completo,62,Ambos,15901.0,15901.0
Rímac Seguros,Oro - Plan Completo,63,Ambos,16421.0,16421.0
Rímac Seguros,Oro - Plan Completo,64,Ambos,16819.0,16819.0
Rímac Seguros,Oro - Plan Completo,65,Ambos,179298.0,179298.0
Rímac Seguros,Oro - Plan Completo,66,Ambos,18716.0,18716.0
Rímac Seguros,Oro - Plan Completo,67,Ambos,19369.0,19369.0
Rímac Seguros,Oro - Plan Completo,68,Ambos,20011.0,20011.0
Rímac Seguros,Oro - Plan Completo,69,Ambos,20389.0,20389.0
Rímac Seguros,Oro - Plan Completo,70,Ambos,21154.0,21154.0
Rímac Seguros,Oro - Plan Completo,71,Ambos,21154.0,21154.0
Rímac Seguros,Oro - Plan Completo,72,Ambos,21154.0,21154.0
Rímac Seguros,Oro - Plan Completo,73,Ambos,21154.0,21154.0
Rímac Seguros,Oro - Plan Completo,74,Ambos,21154.0,21154.0
Rímac Seguros,Oro - Plan Completo,75,Ambos,21154.0,21154.0
Rímac Seguros,Oro - Plan Completo,76,Ambos,23938.0,23938.0
Rímac Seguros,Oro - Plan Completo,77,Ambos,23938.0,23938.0
Rímac Seguros,Oro - Plan Completo,78,Ambos,23938.0,23938.0
Rímac Seguros,Oro - Plan Completo,79,Ambos,23938.0,23938.0
Rímac Seguros,Oro - Plan Completo,80,Ambos,23938.0,23938.0
Rímac Seguros,Oro - Plan Completo,81,Ambos,25560.0,25560.0
Pacífico Seguros,Esencial,0,Ambos,2178.0,2178.0
Pacífico Seguros,Esencial,1,Ambos,2178.0,2178.0
Pacífico Seguros,Esencial,2,Ambos,2178.0,2178.0
Pacífico Seguros,Esencial,3,Ambos,2178.0,2178.0
Pacífico Seguros,Esencial,4,Ambos,2178.0,2178.0
Pacífico Seguros,Esencial,5,Ambos,2178.0,2178.0
Pacífico Seguros,Esencial,6,Ambos,2178.0,2178.0
Pacífico Seguros,Esencial,7,Ambos,2178.0,2178.0
Pacífico Seguros,Esencial,8,Ambos,2178.0,2178.0
Pacífico Seguros,Esencial,9,Ambos,2178.0,2178.0
Pacífico Seguros,Esencial,10,Ambos,2178.0,2178.0
Pacífico Seguros,Esencial,11,Ambos,2178.0,2178.0
Pacífico Seguros,Esencial,12,Ambos,2178.0,2178.0
Pacífico Seguros,Esencial,13,Ambos,2178.0,2178.0
Pacífico Seguros,Esencial,14,Ambos,2178.0,2178.0
Pacífico Seguros,Esencial,15,Ambos,2178.0,2178.0
Pacífico Seguros,Esencial,16,Ambos,2178.0,2178.0
Pacífico Seguros,Esencial,17,Ambos,2178.0,2178.0
Pacífico Seguros,Esencial,18,Ambos,2178.0,2178.0
Pacífico Seguros,Esencial,19,Ambos,2178.0,2178.0
Pacífico Seguros,Esencial,20,Ambos,2178.0,2178.0
Pacífico Seguros,Esencial,21,Ambos,2178.0,2178.0
Pacífico Seguros,Esencial,22,Ambos,2178.0,2178.0
Pacífico Seguros,Esencial,23,Ambos,2178.0,2178.0
Pacífico Seguros,Esencial,24,Ambos,2178.0,2178.0
Pacífico Seguros,Esencial,25,Ambos,2178.0,2178.0
Pacífico Seguros,Esencial,26,Ambos,2302.0,2302.0
Pacífico Seguros,Esencial,27,Ambos,2302.0,2302.0
Pacífico Seguros,Esencial,28,Ambos,2302.0,2302.0
Pacífico Seguros,Esencial,29,Ambos,2302.0,2302.0
Pacífico Seguros,Esencial,30,Ambos,2302.0,2302.0
Pacífico Seguros,Esencial,31,Ambos,2551.0,2551.0
Pacífico Seguros,Esencial,32,Ambos,2551.0,2551.0
Pacífico Seguros,Esencial,33,Ambos,2551.0,2551.0
Pacífico Seguros,Esencial,34,Ambos,2551.0,2551.0
Pacífico Seguros,Esencial,35,Ambos,2551.0,2551.0
Pacífico Seguros,Esencial,36,Ambos,2676.0,2676.0
Pacífico Seguros,Esencial,37,Ambos,2676.0,2676.0
Pacífico Seguros,Esencial,38,Ambos,2676.0,2676.0
Pacífico Seguros,Esencial,39,Ambos,2676.0,2676.0
Pacífico Seguros,Esencial,40,Ambos,2676.0,2676.0
Pacífico Seguros,Esencial,41,Ambos,2863.0,2863.0
Pacífico Seguros,Esencial,42,Ambos,3049.0,3049.0
Pacífico Seguros,Esencial,43,Ambos,3174.0,3174.0
Pacífico Seguros,Esencial,44,Ambos,3298.0,3298.0
Pacífico Seguros,Esencial,45,Ambos,3423.0,3423.0
Pacífico Seguros,Esencial,46,Ambos,3547.0,3547.0
Pacífico Seguros,Esencial,47,Ambos,3672.0,3672.0
Pacífico Seguros,Esencial,48,Ambos,3796.0,3796.0
Pacífico Seguros,Esencial,49,Ambos,3983.0,3983.0
Pacífico Seguros,Esencial,50,Ambos,4169.0,4169.0
Pacífico Seguros,Esencial,51,Ambos,4356.0,4356.0
Pacífico Seguros,Esencial,52,Ambos,4729.0,4729.0
Pacífico Seguros,Esencial,53,Ambos,5103.0,5103.0
Pacífico Seguros,Esencial,54,Ambos,5476.0,5476.0
Pacífico Seguros,Esencial,55,Ambos,5850.0,5850.0
Pacífico Seguros,Esencial,56,Ambos,6223.0,6223.0
Pacífico Seguros,Esencial,57,Ambos,6659.0,6659.0
Pacífico Seguros,Esencial,58,Ambos,7094.0,7094.0
Pacífico Seguros,Esencial,59,Ambos,7530.0,7530.0
Pacífico Seguros,Esencial,60,Ambos,7903.0,7903.0
Pacífico Seguros,Esencial,61,Ambos,0.0,0.0
Pacífico Seguros,Esencial,62,Ambos,0.0,0.0
Pacífico Seguros,Esencial,63,Ambos,0.0,0.0
Pacífico Seguros,Esencial,64,Ambos,0.0,0.0
Pacífico Seguros,Esencial,65,Ambos,0.0,0.0
Pacífico Seguros,Esencial,66,Ambos,0.0,0.0
Pacífico Seguros,Esencial,67,Ambos,0.0,0.0
Pacífico Seguros,Esencial,68,Ambos,0.0,0.0
Pacífico Seguros,Esencial,69,Ambos,0.0,0.0
Pacífico Seguros,Esencial,70,Ambos,0.0,0.0
Pacífico Seguros,Esencial,71,Ambos,0.0,0.0
Pacífico Seguros,Esencial,72,Ambos,0.0,0.0
Pacífico Seguros,Esencial,73,Ambos,0.0,0.0
Pacífico Seguros,Esencial,74,Ambos,0.0,0.0
Pacífico Seguros,Esencial,75,Ambos,0.0,0.0
Pacífico Seguros,Esencial,76,Ambos,0.0,0.0
Pacífico Seguros,Esencial,77,Ambos,0.0,0.0
Pacífico Seguros,Esencial,78,Ambos,0.0,0.0
Pacífico Seguros,Esencial,79,Ambos,0.0,0.0
Pacífico Seguros,Esencial,80,Ambos,0.0,0.0
Pacífico Seguros,Esencial,81,Ambos,0.0,0.0
Pacífico Seguros,Esencial Plus,0,Ambos,2551.0,2551.0
Pacífico Seguros,Esencial Plus,1,Ambos,2551.0,2551.0
Pacífico Seguros,Esencial Plus,2,Ambos,2551.0,2551.0
Pacífico Seguros,Esencial Plus,3,Ambos,2551.0,2551.0
Pacífico Seguros,Esencial Plus,4,Ambos,2551.0,2551.0
Pacífico Seguros,Esencial Plus,5,Ambos,2551.0,2551.0
Pacífico Seguros,Esencial Plus,6,Ambos,2551.0,2551.0
Pacífico Seguros,Esencial Plus,7,Ambos,2551.0,2551.0
Pacífico Seguros,Esencial Plus,8,Ambos,2551.0,2551.0
Pacífico Seguros,Esencial Plus,9,Ambos,2551.0,2551.0
Pacífico Seguros,Esencial Plus,10,Ambos,2551.0,2551.0
Pacífico Seguros,Esencial Plus,11,Ambos,2551.0,2551.0
Pacífico Seguros,Esencial Plus,12,Ambos,2551.0,2551.0
Pacífico Seguros,Esencial Plus,13,Ambos,2551.0,2551.0
Pacífico Seguros,Esencial Plus,14,Ambos,2551.0,2551.0
Pacífico Seguros,Esencial Plus,15,Ambos,2551.0,2551.0
Pacífico Seguros,Esencial Plus,16,Ambos,2551.0,2551.0
Pacífico Seguros,Esencial Plus,17,Ambos,2551.0,2551.0
Pacífico Seguros,Esencial Plus,18,Ambos,2614.0,2614.0
Pacífico Seguros,Esencial Plus,19,Ambos,2614.0,2614.0
Pacífico Seguros,Esencial Plus,20,Ambos,2614.0,2614.0
Pacífico Seguros,Esencial Plus,21,Ambos,2614.0,2614.0
Pacífico Seguros,Esencial Plus,22,Ambos,2614.0,2614.0
Pacífico Seguros,Esencial Plus,23,Ambos,2614.0,2614.0
Pacífico Seguros,Esencial Plus,24,Ambos,2614.0,2614.0
Pacífico Seguros,Esencial Plus,25,Ambos,2614.0,2614.0
Pacífico Seguros,Esencial Plus,26,Ambos,2738.0,2738.0
Pacífico Seguros,Esencial Plus,27,Ambos,2800.0,2800.0
Pacífico Seguros,Esencial Plus,28,Ambos,2825.0,2825.0
Pacífico Seguros,Esencial Plus,29,Ambos,2863.0,2863.0
Pacífico Seguros,Esencial Plus,30,Ambos,2887.0,2887.0
Pacífico Seguros,Esencial Plus,31,Ambos,2925.0,2925.0
Pacífico Seguros,Esencial Plus,32,Ambos,2987.0,2987.0
Pacífico Seguros,Esencial Plus,33,Ambos,3049.0,3049.0
Pacífico Seguros,Esencial Plus,34,Ambos,3111.0,3111.0
Pacífico Seguros,Esencial Plus,35,Ambos,3174.0,3174.0
Pacífico Seguros,Esencial Plus,36,Ambos,3236.0,3236.0
Pacífico Seguros,Esencial Plus,37,Ambos,3298.0,3298.0
Pacífico Seguros,Esencial Plus,38,Ambos,3360.0,3360.0
Pacífico Seguros,Esencial Plus,39,Ambos,3423.0,3423.0
Pacífico Seguros,Esencial Plus,40,Ambos,3485.0,3485.0
Pacífico Seguros,Esencial Plus,41,Ambos,3672.0,3672.0
Pacífico Seguros,Esencial Plus,42,Ambos,3858.0,3858.0
Pacífico Seguros,Esencial Plus,43,Ambos,4008.0,4008.0
Pacífico Seguros,Esencial Plus,44,Ambos,4132.0,4132.0
Pacífico Seguros,Esencial Plus,45,Ambos,4256.0,4256.0
Pacífico Seguros,Esencial Plus,46,Ambos,4381.0,4381.0
Pacífico Seguros,Esencial Plus,47,Ambos,4505.0,4505.0
Pacífico Seguros,Esencial Plus,48,Ambos,4754.0,4754.0
Pacífico Seguros,Esencial Plus,49,Ambos,5078.0,5078.0
Pacífico Seguros,Esencial Plus,50,Ambos,5414.0,5414.0
Pacífico Seguros,Esencial Plus,51,Ambos,5725.0,5725.0
Pacífico Seguros,Esencial Plus,52,Ambos,6036.0,6036.0
Pacífico Seguros,Esencial Plus,53,Ambos,6347.0,6347.0
Pacífico Seguros,Esencial Plus,54,Ambos,6721.0,6721.0
Pacífico Seguros,Esencial Plus,55,Ambos,7094.0,7094.0
Pacífico Seguros,Esencial Plus,56,Ambos,7468.0,7468.0
Pacífico Seguros,Esencial Plus,57,Ambos,7841.0,7841.0
Pacífico Seguros,Esencial Plus,58,Ambos,8339.0,8339.0
Pacífico Seguros,Esencial Plus,59,Ambos,8837.0,8837.0
Pacífico Seguros,Esencial Plus,60,Ambos,10703.0,10703.0
Pacífico Seguros,Esencial Plus,61,Ambos,0.0,0.0
Pacífico Seguros,Esencial Plus,62,Ambos,0.0,0.0
Pacífico Seguros,Esencial Plus,63,Ambos,0.0,0.0
Pacífico Seguros,Esencial Plus,64,Ambos,0.0,0.0
Pacífico Seguros,Esencial Plus,65,Ambos,0.0,0.0
Pacífico Seguros,Esencial Plus,66,Ambos,0.0,0.0
Pacífico Seguros,Esencial Plus,67,Ambos,0.0,0.0
Pacífico Seguros,Esencial Plus,68,Ambos,0.0,0.0
Pacífico Seguros,Esencial Plus,69,Ambos,0.0,0.0
Pacífico Seguros,Esencial Plus,70,Ambos,0.0,0.0
Pacífico Seguros,Esencial Plus,71,Ambos,0.0,0.0
Pacífico Seguros,Esencial Plus,72,Ambos,0.0,0.0
Pacífico Seguros,Esencial Plus,73,Ambos,0.0,0.0
Pacífico Seguros,Esencial Plus,74,Ambos,0.0,0.0
Pacífico Seguros,Esencial Plus,75,Ambos,0.0,0.0
Pacífico Seguros,Esencial Plus,76,Ambos,0.0,0.0
Pacífico Seguros,Esencial Plus,77,Ambos,0.0,0.0
Pacífico Seguros,Esencial Plus,78,Ambos,0.0,0.0
Pacífico Seguros,Esencial Plus,79,Ambos,0.0,0.0
Pacífico Seguros,Esencial Plus,80,Ambos,0.0,0.0
Pacífico Seguros,Esencial Plus,81,Ambos,0.0,0.0
Pacífico Seguros,Multisalud Base,0,Ambos,3460.0,3460.0
Pacífico Seguros,Multisalud Base,1,Ambos,3460.0,3460.0
Pacífico Seguros,Multisalud Base,2,Ambos,3460.0,3460.0
Pacífico Seguros,Multisalud Base,3,Ambos,3460.0,3460.0
Pacífico Seguros,Multisalud Base,4,Ambos,3460.0,3460.0
Pacífico Seguros,Multisalud Base,5,Ambos,3460.0,3460.0
Pacífico Seguros,Multisalud Base,6,Ambos,3460.0,3460.0
Pacífico Seguros,Multisalud Base,7,Ambos,3460.0,3460.0
Pacífico Seguros,Multisalud Base,8,Ambos,3460.0,3460.0
Pacífico Seguros,Multisalud Base,9,Ambos,3460.0,3460.0
Pacífico Seguros,Multisalud Base,10,Ambos,3460.0,3460.0
Pacífico Seguros,Multisalud Base,11,Ambos,3460.0,3460.0
Pacífico Seguros,Multisalud Base,12,Ambos,3460.0,3460.0
Pacífico Seguros,Multisalud Base,13,Ambos,3460.0,3460.0
Pacífico Seguros,Multisalud Base,14,Ambos,3460.0,3460.0
Pacífico Seguros,Multisalud Base,15,Ambos,3460.0,3460.0
Pacífico Seguros,Multisalud Base,16,Ambos,3460.0,3460.0
Pacífico Seguros,Multisalud Base,17,Ambos,3460.0,3460.0
Pacífico Seguros,Multisalud Base,18,Ambos,3530.0,3530.0
Pacífico Seguros,Multisalud Base,19,Ambos,3530.0,3530.0
Pacífico Seguros,Multisalud Base,20,Ambos,3530.0,3530.0
Pacífico Seguros,Multisalud Base,21,Ambos,3530.0,3530.0
Pacífico Seguros,Multisalud Base,22,Ambos,3530.0,3530.0
Pacífico Seguros,Multisalud Base,23,Ambos,3530.0,3530.0
Pacífico Seguros,Multisalud Base,24,Ambos,3530.0,3530.0
Pacífico Seguros,Multisalud Base,25,Ambos,3530.0,3530.0
Pacífico Seguros,Multisalud Base,26,Ambos,3600.0,3600.0
Pacífico Seguros,Multisalud Base,27,Ambos,3698.0,3698.0
Pacífico Seguros,Multisalud Base,28,Ambos,3846.0,3846.0
Pacífico Seguros,Multisalud Base,29,Ambos,3968.0,3968.0
Pacífico Seguros,Multisalud Base,30,Ambos,3991.0,3991.0
Pacífico Seguros,Multisalud Base,31,Ambos,4063.0,4063.0
Pacífico Seguros,Multisalud Base,32,Ambos,4085.0,4085.0
Pacífico Seguros,Multisalud Base,33,Ambos,4094.0,4094.0
Pacífico Seguros,Multisalud Base,34,Ambos,4100.0,4100.0
Pacífico Seguros,Multisalud Base,35,Ambos,4120.0,4120.0
Pacífico Seguros,Multisalud Base,36,Ambos,4150.0,4150.0
Pacífico Seguros,Multisalud Base,37,Ambos,4190.0,4190.0
Pacífico Seguros,Multisalud Base,38,Ambos,4200.0,4200.0
Pacífico Seguros,Multisalud Base,39,Ambos,4222.0,4222.0
Pacífico Seguros,Multisalud Base,40,Ambos,4300.0,4300.0
Pacífico Seguros,Multisalud Base,41,Ambos,4486.0,4486.0
Pacífico Seguros,Multisalud Base,42,Ambos,4815.0,4815.0
Pacífico Seguros,Multisalud Base,43,Ambos,5145.0,5145.0
Pacífico Seguros,Multisalud Base,44,Ambos,5475.0,5475.0
Pacífico Seguros,Multisalud Base,45,Ambos,5476.0,5476.0
Pacífico Seguros,Multisalud Base,46,Ambos,6135.0,6135.0
Pacífico Seguros,Multisalud Base,47,Ambos,6332.0,6332.0
Pacífico Seguros,Multisalud Base,48,Ambos,7202.0,7202.0
Pacífico Seguros,Multisalud Base,49,Ambos,7626.0,7626.0
Pacífico Seguros,Multisalud Base,50,Ambos,8049.0,8049.0
Pacífico Seguros,Multisalud Base,51,Ambos,8473.0,8473.0
Pacífico Seguros,Multisalud Base,52,Ambos,8896.0,8896.0
Pacífico Seguros,Multisalud Base,53,Ambos,9320.0,9320.0
Pacífico Seguros,Multisalud Base,54,Ambos,9744.0,9744.0
Pacífico Seguros,Multisalud Base,55,Ambos,10167.0,10167.0
Pacífico Seguros,Multisalud Base,56,Ambos,10732.0,10732.0
Pacífico Seguros,Multisalud Base,57,Ambos,11438.0,11438.0
Pacífico Seguros,Multisalud Base,58,Ambos,12144.0,12144.0
Pacífico Seguros,Multisalud Base,59,Ambos,12850.0,12850.0
Pacífico Seguros,Multisalud Base,60,Ambos,14263.0,14263.0
Pacífico Seguros,Multisalud Base,61,Ambos,0.0,0.0
Pacífico Seguros,Multisalud Base,62,Ambos,0.0,0.0
Pacífico Seguros,Multisalud Base,63,Ambos,0.0,0.0
Pacífico Seguros,Multisalud Base,64,Ambos,0.0,0.0
Pacífico Seguros,Multisalud Base,65,Ambos,0.0,0.0
Pacífico Seguros,Multisalud Base,66,Ambos,0.0,0.0
Pacífico Seguros,Multisalud Base,67,Ambos,0.0,0.0
Pacífico Seguros,Multisalud Base,68,Ambos,0.0,0.0
Pacífico Seguros,Multisalud Base,69,Ambos,0.0,0.0
Pacífico Seguros,Multisalud Base,70,Ambos,0.0,0.0
Pacífico Seguros,Multisalud Base,71,Ambos,0.0,0.0
Pacífico Seguros,Multisalud Base,72,Ambos,0.0,0.0
Pacífico Seguros,Multisalud Base,73,Ambos,0.0,0.0
Pacífico Seguros,Multisalud Base,74,Ambos,0.0,0.0
Pacífico Seguros,Multisalud Base,75,Ambos,0.0,0.0
Pacífico Seguros,Multisalud Base,76,Ambos,0.0,0.0
Pacífico Seguros,Multisalud Base,77,Ambos,0.0,0.0
Pacífico Seguros,Multisalud Base,78,Ambos,0.0,0.0
Pacífico Seguros,Multisalud Base,79,Ambos,0.0,0.0
Pacífico Seguros,Multisalud Base,80,Ambos,0.0,0.0
Pacífico Seguros,Multisalud Base,81,Ambos,0.0,0.0
Pacífico Seguros,Multisalud Base,24999,Ambos,76.0,0.0
Pacífico Seguros,Multisalud Base,27447,Ambos,77.0,0.0
Pacífico Seguros,Multisalud Base,27447,Ambos,78.0,0.0
Pacífico Seguros,Multisalud Base,27447,Ambos,79.0,0.0
Pacífico Seguros,Multisalud Base,27447,Ambos,80.0,0.0
Pacífico Seguros,Multisalud Base,27447,Ambos,81.0,0.0
Pacífico Seguros,Red Preferente,0,Ambos,3735.0,3735.0
Pacífico Seguros,Red Preferente,1,Ambos,3735.0,3735.0
Pacífico Seguros,Red Preferente,2,Ambos,3735.0,3735.0
Pacífico Seguros,Red Preferente,3,Ambos,3735.0,3735.0
Pacífico Seguros,Red Preferente,4,Ambos,3735.0,3735.0
Pacífico Seguros,Red Preferente,5,Ambos,3735.0,3735.0
Pacífico Seguros,Red Preferente,6,Ambos,3735.0,3735.0
Pacífico Seguros,Red Preferente,7,Ambos,3735.0,3735.0
Pacífico Seguros,Red Preferente,8,Ambos,3735.0,3735.0
Pacífico Seguros,Red Preferente,9,Ambos,3735.0,3735.0
Pacífico Seguros,Red Preferente,10,Ambos,3735.0,3735.0
Pacífico Seguros,Red Preferente,11,Ambos,3735.0,3735.0
Pacífico Seguros,Red Preferente,12,Ambos,3735.0,3735.0
Pacífico Seguros,Red Preferente,13,Ambos,3735.0,3735.0
Pacífico Seguros,Red Preferente,14,Ambos,3735.0,3735.0
Pacífico Seguros,Red Preferente,15,Ambos,3735.0,3735.0
Pacífico Seguros,Red Preferente,16,Ambos,3735.0,3735.0
Pacífico Seguros,Red Preferente,17,Ambos,3735.0,3735.0
Pacífico Seguros,Red Preferente,18,Ambos,3828.0,3828.0
Pacífico Seguros,Red Preferente,19,Ambos,3828.0,3828.0
Pacífico Seguros,Red Preferente,20,Ambos,3828.0,3828.0
Pacífico Seguros,Red Preferente,21,Ambos,3828.0,3828.0
Pacífico Seguros,Red Preferente,22,Ambos,3828.0,3828.0
Pacífico Seguros,Red Preferente,23,Ambos,3828.0,3828.0
Pacífico Seguros,Red Preferente,24,Ambos,3828.0,3828.0
Pacífico Seguros,Red Preferente,25,Ambos,3828.0,3828.0
Pacífico Seguros,Red Preferente,26,Ambos,4288.0,4288.0
Pacífico Seguros,Red Preferente,27,Ambos,4302.0,4302.0
Pacífico Seguros,Red Preferente,28,Ambos,4317.0,4317.0
Pacífico Seguros,Red Preferente,29,Ambos,4332.0,4332.0
Pacífico Seguros,Red Preferente,30,Ambos,4411.0,4411.0
Pacífico Seguros,Red Preferente,31,Ambos,4411.0,4411.0
Pacífico Seguros,Red Preferente,32,Ambos,4427.0,4427.0
Pacífico Seguros,Red Preferente,33,Ambos,4455.0,4455.0
Pacífico Seguros,Red Preferente,34,Ambos,4477.0,4477.0
Pacífico Seguros,Red Preferente,35,Ambos,4508.0,4508.0
Pacífico Seguros,Red Preferente,36,Ambos,4575.0,4575.0
Pacífico Seguros,Red Preferente,37,Ambos,4575.0,4575.0
Pacífico Seguros,Red Preferente,38,Ambos,4624.0,4624.0
Pacífico Seguros,Red Preferente,39,Ambos,4874.0,4874.0
Pacífico Seguros,Red Preferente,40,Ambos,5214.0,5214.0
Pacífico Seguros,Red Preferente,41,Ambos,5366.0,5366.0
Pacífico Seguros,Red Preferente,42,Ambos,5519.0,5519.0
Pacífico Seguros,Red Preferente,43,Ambos,5672.0,5672.0
Pacífico Seguros,Red Preferente,44,Ambos,5850.0,5850.0
Pacífico Seguros,Red Preferente,45,Ambos,6078.0,6078.0
Pacífico Seguros,Red Preferente,46,Ambos,6333.0,6333.0
Pacífico Seguros,Red Preferente,47,Ambos,6586.0,6586.0
Pacífico Seguros,Red Preferente,48,Ambos,6854.0,6854.0
Pacífico Seguros,Red Preferente,49,Ambos,7159.0,7159.0
Pacífico Seguros,Red Preferente,50,Ambos,7502.0,7502.0
Pacífico Seguros,Red Preferente,51,Ambos,7858.0,7858.0
Pacífico Seguros,Red Preferente,52,Ambos,8265.0,8265.0
Pacífico Seguros,Red Preferente,53,Ambos,8711.0,8711.0
Pacífico Seguros,Red Preferente,54,Ambos,9181.0,9181.0
Pacífico Seguros,Red Preferente,55,Ambos,9715.0,9715.0
Pacífico Seguros,Red Preferente,56,Ambos,10300.0,10300.0
Pacífico Seguros,Red Preferente,57,Ambos,10935.0,10935.0
Pacífico Seguros,Red Preferente,58,Ambos,11674.0,11674.0
Pacífico Seguros,Red Preferente,59,Ambos,12398.0,12398.0
Pacífico Seguros,Red Preferente,60,Ambos,13123.0,13123.0
Pacífico Seguros,Red Preferente,61,Ambos,14590.0,14590.0
Pacífico Seguros,Red Preferente,62,Ambos,15661.0,15661.0
Pacífico Seguros,Red Preferente,63,Ambos,16919.0,16919.0
Pacífico Seguros,Red Preferente,64,Ambos,18272.0,18272.0
Pacífico Seguros,Red Preferente,65,Ambos,19878.0,19878.0
Pacífico Seguros,Red Preferente,66,Ambos,0.0,0.0
Pacífico Seguros,Red Preferente,67,Ambos,0.0,0.0
Pacífico Seguros,Red Preferente,68,Ambos,0.0,0.0
Pacífico Seguros,Red Preferente,69,Ambos,0.0,0.0
Pacífico Seguros,Red Preferente,70,Ambos,0.0,0.0
Pacífico Seguros,Red Preferente,71,Ambos,0.0,0.0
Pacífico Seguros,Red Preferente,72,Ambos,0.0,0.0
Pacífico Seguros,Red Preferente,73,Ambos,0.0,0.0
Pacífico Seguros,Red Preferente,74,Ambos,0.0,0.0
Pacífico Seguros,Red Preferente,75,Ambos,0.0,0.0
Pacífico Seguros,Red Preferente,76,Ambos,0.0,0.0
Pacífico Seguros,Red Preferente,77,Ambos,0.0,0.0
Pacífico Seguros,Red Preferente,78,Ambos,0.0,0.0
Pacífico Seguros,Red Preferente,79,Ambos,0.0,0.0
Pacífico Seguros,Red Preferente,80,Ambos,0.0,0.0
Pacífico Seguros,Red Preferente,81,Ambos,0.0,0.0
Pacífico Seguros,Multisalud,0,Ambos,4227.0,4227.0
Pacífico Seguros,Multisalud,1,Ambos,4227.0,4227.0
Pacífico Seguros,Multisalud,2,Ambos,4227.0,4227.0
Pacífico Seguros,Multisalud,3,Ambos,4227.0,4227.0
Pacífico Seguros,Multisalud,4,Ambos,4227.0,4227.0
Pacífico Seguros,Multisalud,5,Ambos,4227.0,4227.0
Pacífico Seguros,Multisalud,6,Ambos,4227.0,4227.0
Pacífico Seguros,Multisalud,7,Ambos,4227.0,4227.0
Pacífico Seguros,Multisalud,8,Ambos,4227.0,4227.0
Pacífico Seguros,Multisalud,9,Ambos,4227.0,4227.0
Pacífico Seguros,Multisalud,10,Ambos,4227.0,4227.0
Pacífico Seguros,Multisalud,11,Ambos,4227.0,4227.0
Pacífico Seguros,Multisalud,12,Ambos,4227.0,4227.0
Pacífico Seguros,Multisalud,13,Ambos,4227.0,4227.0
Pacífico Seguros,Multisalud,14,Ambos,4227.0,4227.0
Pacífico Seguros,Multisalud,15,Ambos,4227.0,4227.0
Pacífico Seguros,Multisalud,16,Ambos,4227.0,4227.0
Pacífico Seguros,Multisalud,17,Ambos,4227.0,4227.0
Pacífico Seguros,Multisalud,18,Ambos,4227.0,4227.0
Pacífico Seguros,Multisalud,19,Ambos,4227.0,4227.0
Pacífico Seguros,Multisalud,20,Ambos,4227.0,4227.0
Pacífico Seguros,Multisalud,21,Ambos,4227.0,4227.0
Pacífico Seguros,Multisalud,22,Ambos,4227.0,4227.0
Pacífico Seguros,Multisalud,23,Ambos,4227.0,4227.0
Pacífico Seguros,Multisalud,24,Ambos,4227.0,4227.0
Pacífico Seguros,Multisalud,25,Ambos,4227.0,4227.0
Pacífico Seguros,Multisalud,26,Ambos,4700.0,4700.0
Pacífico Seguros,Multisalud,27,Ambos,4980.0,4980.0
Pacífico Seguros,Multisalud,28,Ambos,5200.0,5200.0
Pacífico Seguros,Multisalud,29,Ambos,5360.0,5360.0
Pacífico Seguros,Multisalud,30,Ambos,5380.0,5380.0
Pacífico Seguros,Multisalud,31,Ambos,5460.0,5460.0
Pacífico Seguros,Multisalud,32,Ambos,5480.0,5480.0
Pacífico Seguros,Multisalud,33,Ambos,5530.0,5530.0
Pacífico Seguros,Multisalud,34,Ambos,5555.0,5555.0
Pacífico Seguros,Multisalud,35,Ambos,5625.0,5625.0
Pacífico Seguros,Multisalud,36,Ambos,5635.0,5635.0
Pacífico Seguros,Multisalud,37,Ambos,5640.0,5640.0
Pacífico Seguros,Multisalud,38,Ambos,5660.0,5660.0
Pacífico Seguros,Multisalud,39,Ambos,5680.0,5680.0
Pacífico Seguros,Multisalud,40,Ambos,5700.0,5700.0
Pacífico Seguros,Multisalud,41,Ambos,6200.0,6200.0
Pacífico Seguros,Multisalud,42,Ambos,6600.0,6600.0
Pacífico Seguros,Multisalud,43,Ambos,7180.0,7180.0
Pacífico Seguros,Multisalud,44,Ambos,7400.0,7400.0
Pacífico Seguros,Multisalud,45,Ambos,7730.0,7730.0
Pacífico Seguros,Multisalud,46,Ambos,8250.0,8250.0
Pacífico Seguros,Multisalud,47,Ambos,8600.0,8600.0
Pacífico Seguros,Multisalud,48,Ambos,8852.0,8852.0
Pacífico Seguros,Multisalud,49,Ambos,9143.0,9143.0
Pacífico Seguros,Multisalud,50,Ambos,9482.0,9482.0
Pacífico Seguros,Multisalud,51,Ambos,10116.0,10116.0
Pacífico Seguros,Multisalud,52,Ambos,10575.0,10575.0
Pacífico Seguros,Multisalud,53,Ambos,10927.0,10927.0
Pacífico Seguros,Multisalud,54,Ambos,11397.0,11397.0
Pacífico Seguros,Multisalud,55,Ambos,11904.0,11904.0
Pacífico Seguros,Multisalud,56,Ambos,12412.0,12412.0
Pacífico Seguros,Multisalud,57,Ambos,12918.0,12918.0
Pacífico Seguros,Multisalud,58,Ambos,13514.0,13514.0
Pacífico Seguros,Multisalud,59,Ambos,14528.0,14528.0
Pacífico Seguros,Multisalud,60,Ambos,15905.0,15905.0
Pacífico Seguros,Multisalud,61,Ambos,16848.0,16848.0
Pacífico Seguros,Multisalud,62,Ambos,18547.0,18547.0
Pacífico Seguros,Multisalud,63,Ambos,19953.0,19953.0
Pacífico Seguros,Multisalud,64,Ambos,21354.0,21354.0
Pacífico Seguros,Multisalud,65,Ambos,23169.0,23169.0
Pacífico Seguros,Multisalud,66,Ambos,0.0,0.0
Pacífico Seguros,Multisalud,67,Ambos,0.0,0.0
Pacífico Seguros,Multisalud,68,Ambos,0.0,0.0
Pacífico Seguros,Multisalud,69,Ambos,0.0,0.0
Pacífico Seguros,Multisalud,70,Ambos,0.0,0.0
Pacífico Seguros,Multisalud,71,Ambos,0.0,0.0
Pacífico Seguros,Multisalud,72,Ambos,0.0,0.0
Pacífico Seguros,Multisalud,73,Ambos,0.0,0.0
Pacífico Seguros,Multisalud,74,Ambos,0.0,0.0
Pacífico Seguros,Multisalud,75,Ambos,0.0,0.0
Pacífico Seguros,Multisalud,76,Ambos,0.0,0.0
Pacífico Seguros,Multisalud,77,Ambos,0.0,0.0
Pacífico Seguros,Multisalud,78,Ambos,0.0,0.0
Pacífico Seguros,Multisalud,79,Ambos,0.0,0.0
Pacífico Seguros,Multisalud,80,Ambos,0.0,0.0
Pacífico Seguros,Multisalud,81,Ambos,0.0,0.0
Pacífico Seguros,Medicvida Nacional,0,Ambos,5239.0,5239.0
Pacífico Seguros,Medicvida Nacional,1,Ambos,5239.0,5239.0
Pacífico Seguros,Medicvida Nacional,2,Ambos,5239.0,5239.0
Pacífico Seguros,Medicvida Nacional,3,Ambos,5239.0,5239.0
Pacífico Seguros,Medicvida Nacional,4,Ambos,5239.0,5239.0
Pacífico Seguros,Medicvida Nacional,5,Ambos,5239.0,5239.0
Pacífico Seguros,Medicvida Nacional,6,Ambos,5239.0,5239.0
Pacífico Seguros,Medicvida Nacional,7,Ambos,5239.0,5239.0
Pacífico Seguros,Medicvida Nacional,8,Ambos,5239.0,5239.0
Pacífico Seguros,Medicvida Nacional,9,Ambos,5239.0,5239.0
Pacífico Seguros,Medicvida Nacional,10,Ambos,5239.0,5239.0
Pacífico Seguros,Medicvida Nacional,11,Ambos,5239.0,5239.0
Pacífico Seguros,Medicvida Nacional,12,Ambos,5239.0,5239.0
Pacífico Seguros,Medicvida Nacional,13,Ambos,5239.0,5239.0
Pacífico Seguros,Medicvida Nacional,14,Ambos,5239.0,5239.0
Pacífico Seguros,Medicvida Nacional,15,Ambos,5239.0,5239.0
Pacífico Seguros,Medicvida Nacional,16,Ambos,5239.0,5239.0
Pacífico Seguros,Medicvida Nacional,17,Ambos,5239.0,5239.0
Pacífico Seguros,Medicvida Nacional,18,Ambos,5239.0,5239.0
Pacífico Seguros,Medicvida Nacional,19,Ambos,5239.0,5239.0
Pacífico Seguros,Medicvida Nacional,20,Ambos,5239.0,5239.0
Pacífico Seguros,Medicvida Nacional,21,Ambos,5239.0,5239.0
Pacífico Seguros,Medicvida Nacional,22,Ambos,5239.0,5239.0
Pacífico Seguros,Medicvida Nacional,23,Ambos,5239.0,5239.0
Pacífico Seguros,Medicvida Nacional,24,Ambos,5239.0,5239.0
Pacífico Seguros,Medicvida Nacional,25,Ambos,5239.0,5239.0
Pacífico Seguros,Medicvida Nacional,26,Ambos,5667.0,5667.0
Pacífico Seguros,Medicvida Nacional,27,Ambos,5983.0,5983.0
Pacífico Seguros,Medicvida Nacional,28,Ambos,6281.0,6281.0
Pacífico Seguros,Medicvida Nacional,29,Ambos,6636.0,6636.0
Pacífico Seguros,Medicvida Nacional,30,Ambos,7032.0,7032.0
Pacífico Seguros,Medicvida Nacional,31,Ambos,7274.0,7274.0
Pacífico Seguros,Medicvida Nacional,32,Ambos,7570.0,7570.0
Pacífico Seguros,Medicvida Nacional,33,Ambos,7755.0,7755.0
Pacífico Seguros,Medicvida Nacional,34,Ambos,7912.0,7912.0
Pacífico Seguros,Medicvida Nacional,35,Ambos,8040.0,8040.0
Pacífico Seguros,Medicvida Nacional,36,Ambos,8141.0,8141.0
Pacífico Seguros,Medicvida Nacional,37,Ambos,8242.0,8242.0
Pacífico Seguros,Medicvida Nacional,38,Ambos,8410.0,8410.0
Pacífico Seguros,Medicvida Nacional,39,Ambos,8593.0,8593.0
Pacífico Seguros,Medicvida Nacional,40,Ambos,8970.0,8970.0
Pacífico Seguros,Medicvida Nacional,41,Ambos,9303.0,9303.0
Pacífico Seguros,Medicvida Nacional,42,Ambos,9759.0,9759.0
Pacífico Seguros,Medicvida Nacional,43,Ambos,10105.0,10105.0
Pacífico Seguros,Medicvida Nacional,44,Ambos,10477.0,10477.0
Pacífico Seguros,Medicvida Nacional,45,Ambos,10739.0,10739.0
Pacífico Seguros,Medicvida Nacional,46,Ambos,11316.0,11316.0
Pacífico Seguros,Medicvida Nacional,47,Ambos,11726.0,11726.0
Pacífico Seguros,Medicvida Nacional,48,Ambos,12027.0,12027.0
Pacífico Seguros,Medicvida Nacional,49,Ambos,12477.0,12477.0
Pacífico Seguros,Medicvida Nacional,50,Ambos,13023.0,13023.0
Pacífico Seguros,Medicvida Nacional,51,Ambos,13996.0,13996.0
Pacífico Seguros,Medicvida Nacional,52,Ambos,15040.0,15040.0
Pacífico Seguros,Medicvida Nacional,53,Ambos,15903.0,15903.0
Pacífico Seguros,Medicvida Nacional,54,Ambos,16683.0,16683.0
Pacífico Seguros,Medicvida Nacional,55,Ambos,17390.0,17390.0
Pacífico Seguros,Medicvida Nacional,56,Ambos,17947.0,17947.0
Pacífico Seguros,Medicvida Nacional,57,Ambos,18994.0,18994.0
Pacífico Seguros,Medicvida Nacional,58,Ambos,20054.0,20054.0
Pacífico Seguros,Medicvida Nacional,59,Ambos,21166.0,21166.0
Pacífico Seguros,Medicvida Nacional,60,Ambos,22494.0,22494.0
Pacífico Seguros,Medicvida Nacional,61,Ambos,23615.0,23615.0
Pacífico Seguros,Medicvida Nacional,62,Ambos,24966.0,24966.0
Pacífico Seguros,Medicvida Nacional,63,Ambos,26667.0,26667.0
Pacífico Seguros,Medicvida Nacional,64,Ambos,28786.0,28786.0
Pacífico Seguros,Medicvida Nacional,65,Ambos,30766.0,30766.0
Pacífico Seguros,Medicvida Nacional,66,Ambos,0.0,0.0
Pacífico Seguros,Medicvida Nacional,67,Ambos,0.0,0.0
Pacífico Seguros,Medicvida Nacional,68,Ambos,0.0,0.0
Pacífico Seguros,Medicvida Nacional,69,Ambos,0.0,0.0
Pacífico Seguros,Medicvida Nacional,70,Ambos,0.0,0.0
Pacífico Seguros,Medicvida Nacional,71,Ambos,0.0,0.0
Pacífico Seguros,Medicvida Nacional,72,Ambos,0.0,0.0
Pacífico Seguros,Medicvida Nacional,73,Ambos,0.0,0.0
Pacífico Seguros,Medicvida Nacional,74,Ambos,0.0,0.0
Pacífico Seguros,Medicvida Nacional,75,Ambos,0.0,0.0
Pacífico Seguros,Medicvida Nacional,76,Ambos,0.0,0.0
Pacífico Seguros,Medicvida Nacional,77,Ambos,0.0,0.0
Pacífico Seguros,Medicvida Nacional,78,Ambos,0.0,0.0
Pacífico Seguros,Medicvida Nacional,79,Ambos,0.0,0.0
Pacífico Seguros,Medicvida Nacional,80,Ambos,0.0,0.0
Pacífico Seguros,Medicvida Nacional,81,Ambos,0.0,0.0
Pacífico Seguros,Medicvida Internacional,0,Ambos,12102.0,12102.0
Pacífico Seguros,Medicvida Internacional,1,Ambos,12102.0,12102.0
Pacífico Seguros,Medicvida Internacional,2,Ambos,12102.0,12102.0
Pacífico Seguros,Medicvida Internacional,3,Ambos,12102.0,12102.0
Pacífico Seguros,Medicvida Internacional,4,Ambos,12102.0,12102.0
Pacífico Seguros,Medicvida Internacional,5,Ambos,12102.0,12102.0
Pacífico Seguros,Medicvida Internacional,6,Ambos,12102.0,12102.0
Pacífico Seguros,Medicvida Internacional,7,Ambos,12102.0,12102.0
Pacífico Seguros,Medicvida Internacional,8,Ambos,12102.0,12102.0
Pacífico Seguros,Medicvida Internacional,9,Ambos,12102.0,12102.0
Pacífico Seguros,Medicvida Internacional,10,Ambos,12102.0,12102.0
Pacífico Seguros,Medicvida Internacional,11,Ambos,12102.0,12102.0
Pacífico Seguros,Medicvida Internacional,12,Ambos,12102.0,12102.0
Pacífico Seguros,Medicvida Internacional,13,Ambos,12102.0,12102.0
Pacífico Seguros,Medicvida Internacional,14,Ambos,12102.0,12102.0
Pacífico Seguros,Medicvida Internacional,15,Ambos,12102.0,12102.0
Pacífico Seguros,Medicvida Internacional,16,Ambos,12102.0,12102.0
Pacífico Seguros,Medicvida Internacional,17,Ambos,12102.0,12102.0
Pacífico Seguros,Medicvida Internacional,18,Ambos,12363.0,12363.0
Pacífico Seguros,Medicvida Internacional,19,Ambos,12363.0,12363.0
Pacífico Seguros,Medicvida Internacional,20,Ambos,12363.0,12363.0
Pacífico Seguros,Medicvida Internacional,21,Ambos,12363.0,12363.0
Pacífico Seguros,Medicvida Internacional,22,Ambos,12363.0,12363.0
Pacífico Seguros,Medicvida Internacional,23,Ambos,12363.0,12363.0
Pacífico Seguros,Medicvida Internacional,24,Ambos,12363.0,12363.0
Pacífico Seguros,Medicvida Internacional,25,Ambos,12363.0,12363.0
Pacífico Seguros,Medicvida Internacional,26,Ambos,12398.0,12398.0
Pacífico Seguros,Medicvida Internacional,27,Ambos,12481.0,12481.0
Pacífico Seguros,Medicvida Internacional,28,Ambos,12741.0,12741.0
Pacífico Seguros,Medicvida Internacional,29,Ambos,13001.0,13001.0
Pacífico Seguros,Medicvida Internacional,30,Ambos,13250.0,13250.0
Pacífico Seguros,Medicvida Internacional,31,Ambos,13509.0,13509.0
Pacífico Seguros,Medicvida Internacional,32,Ambos,13757.0,13757.0
Pacífico Seguros,Medicvida Internacional,33,Ambos,13887.0,13887.0
Pacífico Seguros,Medicvida Internacional,34,Ambos,14147.0,14147.0
Pacífico Seguros,Medicvida Internacional,35,Ambos,14337.0,14337.0
Pacífico Seguros,Medicvida Internacional,36,Ambos,14525.0,14525.0
Pacífico Seguros,Medicvida Internacional,37,Ambos,14904.0,14904.0
Pacífico Seguros,Medicvida Internacional,38,Ambos,15293.0,15293.0
Pacífico Seguros,Medicvida Internacional,39,Ambos,15672.0,15672.0
Pacífico Seguros,Medicvida Internacional,40,Ambos,16050.0,16050.0
Pacífico Seguros,Medicvida Internacional,41,Ambos,16310.0,16310.0
Pacífico Seguros,Medicvida Internacional,42,Ambos,16688.0,16688.0
Pacífico Seguros,Medicvida Internacional,43,Ambos,17078.0,17078.0
Pacífico Seguros,Medicvida Internacional,44,Ambos,17197.0,17197.0
Pacífico Seguros,Medicvida Internacional,45,Ambos,17237.0,17237.0
Pacífico Seguros,Medicvida Internacional,46,Ambos,18083.0,18083.0
Pacífico Seguros,Medicvida Internacional,47,Ambos,18982.0,18982.0
Pacífico Seguros,Medicvida Internacional,48,Ambos,19879.0,19879.0
Pacífico Seguros,Medicvida Internacional,49,Ambos,20766.0,20766.0
Pacífico Seguros,Medicvida Internacional,50,Ambos,21912.0,21912.0
Pacífico Seguros,Medicvida Internacional,51,Ambos,22929.0,22929.0
Pacífico Seguros,Medicvida Internacional,52,Ambos,24206.0,24206.0
Pacífico Seguros,Medicvida Internacional,53,Ambos,26369.0,26369.0
Pacífico Seguros,Medicvida Internacional,54,Ambos,27775.0,27775.0
Pacífico Seguros,Medicvida Internacional,55,Ambos,29560.0,29560.0
Pacífico Seguros,Medicvida Internacional,56,Ambos,31722.0,31722.0
Pacífico Seguros,Medicvida Internacional,57,Ambos,34098.0,34098.0
Pacífico Seguros,Medicvida Internacional,58,Ambos,36107.0,36107.0
Pacífico Seguros,Medicvida Internacional,59,Ambos,38270.0,38270.0
Pacífico Seguros,Medicvida Internacional,60,Ambos,40256.0,40256.0
Pacífico Seguros,Medicvida Internacional,61,Ambos,43954.0,43954.0
Pacífico Seguros,Medicvida Internacional,62,Ambos,47784.0,47784.0
Pacífico Seguros,Medicvida Internacional,63,Ambos,50963.0,50963.0
Pacífico Seguros,Medicvida Internacional,64,Ambos,54025.0,54025.0
Pacífico Seguros,Medicvida Internacional,65,Ambos,57842.0,57842.0
Pacífico Seguros,Medicvida Internacional,66,Ambos,0.0,0.0
Pacífico Seguros,Medicvida Internacional,67,Ambos,0.0,0.0
Pacífico Seguros,Medicvida Internacional,68,Ambos,0.0,0.0
Pacífico Seguros,Medicvida Internacional,69,Ambos,0.0,0.0
Pacífico Seguros,Medicvida Internacional,70,Ambos,0.0,0.0
Pacífico Seguros,Medicvida Internacional,71,Ambos,0.0,0.0
Pacífico Seguros,Medicvida Internacional,72,Ambos,0.0,0.0
Pacífico Seguros,Medicvida Internacional,73,Ambos,0.0,0.0
Pacífico Seguros,Medicvida Internacional,74,Ambos,0.0,0.0
Pacífico Seguros,Medicvida Internacional,75,Ambos,0.0,0.0
Pacífico Seguros,Medicvida Internacional,76,Ambos,0.0,0.0
Pacífico Seguros,Medicvida Internacional,77,Ambos,0.0,0.0
Pacífico Seguros,Medicvida Internacional,78,Ambos,0.0,0.0
Pacífico Seguros,Medicvida Internacional,79,Ambos,0.0,0.0
Pacífico Seguros,Medicvida Internacional,80,Ambos,0.0,0.0
Pacífico Seguros,Medicvida Internacional,81,Ambos,0.0,0.0
La Positiva Seguros,Medisalud Senior +,0,Ambos,0.0,0.0
La Positiva Seguros,Medisalud Senior +,1,Ambos,0.0,0.0
La Positiva Seguros,Medisalud Senior +,2,Ambos,0.0,0.0
La Positiva Seguros,Medisalud Senior +,3,Ambos,0.0,0.0
La Positiva Seguros,Medisalud Senior +,4,Ambos,0.0,0.0
La Positiva Seguros,Medisalud Senior +,5,Ambos,0.0,0.0
La Positiva Seguros,Medisalud Senior +,6,Ambos,0.0,0.0
La Positiva Seguros,Medisalud Senior +,7,Ambos,0.0,0.0
La Positiva Seguros,Medisalud Senior +,8,Ambos,0.0,0.0
La Positiva Seguros,Medisalud Senior +,9,Ambos,0.0,0.0
La Positiva Seguros,Medisalud Senior +,10,Ambos,0.0,0.0
La Positiva Seguros,Medisalud Senior +,11,Ambos,0.0,0.0
La Positiva Seguros,Medisalud Senior +,12,Ambos,0.0,0.0
La Positiva Seguros,Medisalud Senior +,13,Ambos,0.0,0.0
La Positiva Seguros,Medisalud Senior +,14,Ambos,0.0,0.0
La Positiva Seguros,Medisalud Senior +,15,Ambos,0.0,0.0
La Positiva Seguros,Medisalud Senior +,16,Ambos,0.0,0.0
La Positiva Seguros,Medisalud Senior +,17,Ambos,0.0,0.0
La Positiva Seguros,Medisalud Senior +,18,Ambos,0.0,0.0
La Positiva Seguros,Medisalud Senior +,19,Ambos,0.0,0.0
La Positiva Seguros,Medisalud Senior +,20,Ambos,0.0,0.0
La Positiva Seguros,Medisalud Senior +,21,Ambos,0.0,0.0
La Positiva Seguros,Medisalud Senior +,22,Ambos,0.0,0.0
La Positiva Seguros,Medisalud Senior +,23,Ambos,0.0,0.0
La Positiva Seguros,Medisalud Senior +,24,Ambos,0.0,0.0
La Positiva Seguros,Medisalud Senior +,25,Ambos,0.0,0.0
La Positiva Seguros,Medisalud Senior +,26,Ambos,0.0,0.0
La Positiva Seguros,Medisalud Senior +,27,Ambos,0.0,0.0
La Positiva Seguros,Medisalud Senior +,28,Ambos,0.0,0.0
La Positiva Seguros,Medisalud Senior +,29,Ambos,0.0,0.0
La Positiva Seguros,Medisalud Senior +,30,Ambos,0.0,0.0
La Positiva Seguros,Medisalud Senior +,31,Ambos,0.0,0.0
La Positiva Seguros,Medisalud Senior +,32,Ambos,0.0,0.0
La Positiva Seguros,Medisalud Senior +,33,Ambos,0.0,0.0
La Positiva Seguros,Medisalud Senior +,34,Ambos,0.0,0.0
La Positiva Seguros,Medisalud Senior +,35,Ambos,0.0,0.0
La Positiva Seguros,Medisalud Senior +,36,Ambos,0.0,0.0
La Positiva Seguros,Medisalud Senior +,37,Ambos,0.0,0.0
La Positiva Seguros,Medisalud Senior +,38,Ambos,0.0,0.0
La Positiva Seguros,Medisalud Senior +,39,Ambos,0.0,0.0
La Positiva Seguros,Medisalud Senior +,40,Ambos,0.0,0.0
La Positiva Seguros,Medisalud Senior +,41,Ambos,0.0,0.0
La Positiva Seguros,Medisalud Senior +,42,Ambos,0.0,0.0
La Positiva Seguros,Medisalud Senior +,43,Ambos,0.0,0.0
La Positiva Seguros,Medisalud Senior +,44,Ambos,0.0,0.0
La Positiva Seguros,Medisalud Senior +,45,Ambos,0.0,0.0
La Positiva Seguros,Medisalud Senior +,46,Ambos,0.0,0.0
La Positiva Seguros,Medisalud Senior +,47,Ambos,0.0,0.0
La Positiva Seguros,Medisalud Senior +,48,Ambos,0.0,0.0
La Positiva Seguros,Medisalud Senior +,49,Ambos,0.0,0.0
La Positiva Seguros,Medisalud Senior +,50,Ambos,8856.0,10356.0
La Positiva Seguros,Medisalud Senior +,51,Ambos,9336.0,10884.0
La Positiva Seguros,Medisalud Senior +,52,Ambos,10116.0,11508.0
La Positiva Seguros,Medisalud Senior +,53,Ambos,10164.0,11556.0
La Positiva Seguros,Medisalud Senior +,54,Ambos,10728.0,12252.0
La Positiva Seguros,Medisalud Senior +,55,Ambos,11268.0,12792.0
La Positiva Seguros,Medisalud Senior +,56,Ambos,11904.0,13524.0
La Positiva Seguros,Medisalud Senior +,57,Ambos,12852.0,14580.0
La Positiva Seguros,Medisalud Senior +,58,Ambos,13632.0,15420.0
La Positiva Seguros,Medisalud Senior +,59,Ambos,14496.0,16380.0
La Positiva Seguros,Medisalud Senior +,60,Ambos,14928.0,16716.0
La Positiva Seguros,Medisalud Senior +,61,Ambos,15696.0,17736.0
La Positiva Seguros,Medisalud Senior +,62,Ambos,16308.0,18624.0
La Positiva Seguros,Medisalud Senior +,63,Ambos,17436.0,19908.0
La Positiva Seguros,Medisalud Senior +,64,Ambos,18696.0,21348.0
La Positiva Seguros,Medisalud Senior +,65,Ambos,19896.0,22728.0
La Positiva Seguros,Medisalud Senior +,66,Ambos,21312.0,23928.0
La Positiva Seguros,Medisalud Senior +,67,Ambos,21936.0,24876.0
La Positiva Seguros,Medisalud Senior +,68,Ambos,22980.0,25848.0
La Positiva Seguros,Medisalud Senior +,69,Ambos,23832.0,26820.0
La Positiva Seguros,Medisalud Senior +,70,Ambos,25128.0,28308.0
La Positiva Seguros,Medisalud Senior +,71,Ambos,26232.0,29832.0
La Positiva Seguros,Medisalud Senior +,72,Ambos,26232.0,29832.0
La Positiva Seguros,Medisalud Senior +,73,Ambos,26232.0,29832.0
La Positiva Seguros,Medisalud Senior +,74,Ambos,26232.0,29832.0
La Positiva Seguros,Medisalud Senior +,75,Ambos,26232.0,29832.0
La Positiva Seguros,Medisalud Senior +,76,Ambos,27912.0,32028.0
La Positiva Seguros,Medisalud Senior +,77,Ambos,27912.0,32028.0
La Positiva Seguros,Medisalud Senior +,78,Ambos,27912.0,32028.0
La Positiva Seguros,Medisalud Senior +,79,Ambos,27912.0,32028.0
La Positiva Seguros,Medisalud Senior +,80,Ambos,27912.0,32028.0
La Positiva Seguros,Medisalud Lite,0,Ambos,2100.0,2304.0
La Positiva Seguros,Medisalud Lite,1,Ambos,2100.0,2304.0
La Positiva Seguros,Medisalud Lite,2,Ambos,2100.0,2304.0
La Positiva Seguros,Medisalud Lite,3,Ambos,2100.0,2304.0
La Positiva Seguros,Medisalud Lite,4,Ambos,2100.0,2304.0
La Positiva Seguros,Medisalud Lite,5,Ambos,2100.0,2304.0
La Positiva Seguros,Medisalud Lite,6,Ambos,2100.0,2304.0
La Positiva Seguros,Medisalud Lite,7,Ambos,2100.0,2304.0
La Positiva Seguros,Medisalud Lite,8,Ambos,2100.0,2304.0
La Positiva Seguros,Medisalud Lite,9,Ambos,2100.0,2304.0
La Positiva Seguros,Medisalud Lite,10,Ambos,2100.0,2304.0
La Positiva Seguros,Medisalud Lite,11,Ambos,2100.0,2304.0
La Positiva Seguros,Medisalud Lite,12,Ambos,2100.0,2304.0
La Positiva Seguros,Medisalud Lite,13,Ambos,2100.0,2304.0
La Positiva Seguros,Medisalud Lite,14,Ambos,2100.0,2304.0
La Positiva Seguros,Medisalud Lite,15,Ambos,2100.0,2304.0
La Positiva Seguros,Medisalud Lite,16,Ambos,2100.0,2304.0
La Positiva Seguros,Medisalud Lite,17,Ambos,2100.0,2304.0
La Positiva Seguros,Medisalud Lite,18,Ambos,2100.0,2304.0
La Positiva Seguros,Medisalud Lite,19,Ambos,2100.0,2304.0
La Positiva Seguros,Medisalud Lite,20,Ambos,2100.0,2304.0
La Positiva Seguros,Medisalud Lite,21,Ambos,2100.0,2304.0
La Positiva Seguros,Medisalud Lite,22,Ambos,2100.0,2304.0
La Positiva Seguros,Medisalud Lite,23,Ambos,2100.0,2304.0
La Positiva Seguros,Medisalud Lite,24,Ambos,2100.0,2304.0
La Positiva Seguros,Medisalud Lite,25,Ambos,2100.0,2304.0
La Positiva Seguros,Medisalud Lite,26,Ambos,2244.0,2472.0
La Positiva Seguros,Medisalud Lite,27,Ambos,2244.0,2472.0
La Positiva Seguros,Medisalud Lite,28,Ambos,2244.0,2472.0
La Positiva Seguros,Medisalud Lite,29,Ambos,2244.0,2472.0
La Positiva Seguros,Medisalud Lite,30,Ambos,2244.0,2472.0
La Positiva Seguros,Medisalud Lite,31,Ambos,2496.0,2736.0
La Positiva Seguros,Medisalud Lite,32,Ambos,2496.0,2736.0
La Positiva Seguros,Medisalud Lite,33,Ambos,2496.0,2736.0
La Positiva Seguros,Medisalud Lite,34,Ambos,2496.0,2736.0
La Positiva Seguros,Medisalud Lite,35,Ambos,2496.0,2736.0
La Positiva Seguros,Medisalud Lite,36,Ambos,2616.0,2880.0
La Positiva Seguros,Medisalud Lite,37,Ambos,2616.0,2880.0
La Positiva Seguros,Medisalud Lite,38,Ambos,2616.0,2880.0
La Positiva Seguros,Medisalud Lite,39,Ambos,2616.0,2880.0
La Positiva Seguros,Medisalud Lite,40,Ambos,2616.0,2880.0
La Positiva Seguros,Medisalud Lite,41,Ambos,2664.0,3084.0
La Positiva Seguros,Medisalud Lite,42,Ambos,2844.0,3252.0
La Positiva Seguros,Medisalud Lite,43,Ambos,3036.0,3492.0
La Positiva Seguros,Medisalud Lite,44,Ambos,3108.0,3576.0
La Positiva Seguros,Medisalud Lite,45,Ambos,3204.0,3684.0
La Positiva Seguros,Medisalud Lite,46,Ambos,3288.0,3840.0
La Positiva Seguros,Medisalud Lite,47,Ambos,3480.0,4080.0
La Positiva Seguros,Medisalud Lite,48,Ambos,3612.0,4176.0
La Positiva Seguros,Medisalud Lite,49,Ambos,3816.0,4380.0
La Positiva Seguros,Medisalud Lite,50,Ambos,3948.0,4548.0
La Positiva Seguros,Medisalud Lite,51,Ambos,4176.0,4812.0
La Positiva Seguros,Medisalud Lite,52,Ambos,4488.0,5172.0
La Positiva Seguros,Medisalud Lite,53,Ambos,4620.0,5328.0
La Positiva Seguros,Medisalud Lite,54,Ambos,4752.0,5472.0
La Positiva Seguros,Medisalud Lite,55,Ambos,4788.0,5520.0
La Positiva Seguros,Medisalud Lite,56,Ambos,5028.0,5796.0
La Positiva Seguros,Medisalud Lite,57,Ambos,5352.0,6156.0
La Positiva Seguros,Medisalud Lite,58,Ambos,5532.0,6372.0
La Positiva Seguros,Medisalud Lite,59,Ambos,6072.0,6996.0
La Positiva Seguros,Medisalud Lite,60,Ambos,6636.0,7500.0
La Positiva Seguros,Medisalud Lite,61,Ambos,0.0,0.0
La Positiva Seguros,Medisalud Lite,62,Ambos,0.0,0.0
La Positiva Seguros,Medisalud Lite,63,Ambos,0.0,0.0
La Positiva Seguros,Medisalud Lite,64,Ambos,0.0,0.0
La Positiva Seguros,Medisalud Lite,65,Ambos,0.0,0.0
La Positiva Seguros,Medisalud Lite,66,Ambos,0.0,0.0
La Positiva Seguros,Medisalud Lite,67,Ambos,0.0,0.0
La Positiva Seguros,Medisalud Lite,68,Ambos,0.0,0.0
La Positiva Seguros,Medisalud Lite,69,Ambos,0.0,0.0
La Positiva Seguros,Medisalud Lite,70,Ambos,0.0,0.0
La Positiva Seguros,Medisalud Lite,71,Ambos,0.0,0.0
La Positiva Seguros,Medisalud Lite,72,Ambos,0.0,0.0
La Positiva Seguros,Medisalud Lite,73,Ambos,0.0,0.0
La Positiva Seguros,Medisalud Lite,74,Ambos,0.0,0.0
La Positiva Seguros,Medisalud Lite,75,Ambos,0.0,0.0
La Positiva Seguros,Medisalud Lite,76,Ambos,0.0,0.0
La Positiva Seguros,Medisalud Lite,77,Ambos,0.0,0.0
La Positiva Seguros,Medisalud Lite,78,Ambos,0.0,0.0
La Positiva Seguros,Medisalud Lite,79,Ambos,0.0,0.0
La Positiva Seguros,Medisalud Lite,80,Ambos,0.0,0.0
La Positiva Seguros,Medisalud Lite,81,Ambos,0.0,0.0
La Positiva Seguros,Medisalud Base,0,Ambos,2508.0,2880.0
La Positiva Seguros,Medisalud Base,1,Ambos,2508.0,2880.0
La Positiva Seguros,Medisalud Base,2,Ambos,2508.0,2880.0
La Positiva Seguros,Medisalud Base,3,Ambos,2508.0,2880.0
La Positiva Seguros,Medisalud Base,4,Ambos,2508.0,2880.0
La Positiva Seguros,Medisalud Base,5,Ambos,2508.0,2880.0
La Positiva Seguros,Medisalud Base,6,Ambos,2508.0,2880.0
La Positiva Seguros,Medisalud Base,7,Ambos,2508.0,2880.0
La Positiva Seguros,Medisalud Base,8,Ambos,2508.0,2880.0
La Positiva Seguros,Medisalud Base,9,Ambos,2508.0,2880.0
La Positiva Seguros,Medisalud Base,10,Ambos,2508.0,2880.0
La Positiva Seguros,Medisalud Base,11,Ambos,2508.0,2880.0
La Positiva Seguros,Medisalud Base,12,Ambos,2508.0,2880.0
La Positiva Seguros,Medisalud Base,13,Ambos,2508.0,2880.0
La Positiva Seguros,Medisalud Base,14,Ambos,2508.0,2880.0
La Positiva Seguros,Medisalud Base,15,Ambos,2508.0,2880.0
La Positiva Seguros,Medisalud Base,16,Ambos,2508.0,2880.0
La Positiva Seguros,Medisalud Base,17,Ambos,2508.0,2880.0
La Positiva Seguros,Medisalud Base,18,Ambos,2508.0,2880.0
La Positiva Seguros,Medisalud Base,19,Ambos,2508.0,2880.0
La Positiva Seguros,Medisalud Base,20,Ambos,2508.0,2880.0
La Positiva Seguros,Medisalud Base,21,Ambos,2508.0,2880.0
La Positiva Seguros,Medisalud Base,22,Ambos,2508.0,2880.0
La Positiva Seguros,Medisalud Base,23,Ambos,2508.0,2880.0
La Positiva Seguros,Medisalud Base,24,Ambos,2508.0,2880.0
La Positiva Seguros,Medisalud Base,25,Ambos,2508.0,2880.0
La Positiva Seguros,Medisalud Base,26,Ambos,2712.0,3120.0
La Positiva Seguros,Medisalud Base,27,Ambos,2712.0,3120.0
La Positiva Seguros,Medisalud Base,28,Ambos,2712.0,3120.0
La Positiva Seguros,Medisalud Base,29,Ambos,2712.0,3120.0
La Positiva Seguros,Medisalud Base,30,Ambos,2712.0,3120.0
La Positiva Seguros,Medisalud Base,31,Ambos,3012.0,3492.0
La Positiva Seguros,Medisalud Base,32,Ambos,3012.0,3492.0
La Positiva Seguros,Medisalud Base,33,Ambos,3012.0,3492.0
La Positiva Seguros,Medisalud Base,34,Ambos,3012.0,3492.0
La Positiva Seguros,Medisalud Base,35,Ambos,3012.0,3492.0
La Positiva Seguros,Medisalud Base,36,Ambos,3492.0,3732.0
La Positiva Seguros,Medisalud Base,37,Ambos,3492.0,3732.0
La Positiva Seguros,Medisalud Base,38,Ambos,3492.0,3732.0
La Positiva Seguros,Medisalud Base,39,Ambos,3492.0,3732.0
La Positiva Seguros,Medisalud Base,40,Ambos,3492.0,3732.0
La Positiva Seguros,Medisalud Base,41,Ambos,3600.0,3996.0
La Positiva Seguros,Medisalud Base,42,Ambos,3936.0,4620.0
La Positiva Seguros,Medisalud Base,43,Ambos,4056.0,4788.0
La Positiva Seguros,Medisalud Base,44,Ambos,4188.0,4860.0
La Positiva Seguros,Medisalud Base,45,Ambos,4212.0,4932.0
La Positiva Seguros,Medisalud Base,46,Ambos,4536.0,5256.0
La Positiva Seguros,Medisalud Base,47,Ambos,4536.0,5376.0
La Positiva Seguros,Medisalud Base,48,Ambos,4596.0,5484.0
La Positiva Seguros,Medisalud Base,49,Ambos,4692.0,5592.0
La Positiva Seguros,Medisalud Base,50,Ambos,4860.0,5700.0
La Positiva Seguros,Medisalud Base,51,Ambos,5376.0,6360.0
La Positiva Seguros,Medisalud Base,52,Ambos,5976.0,6936.0
La Positiva Seguros,Medisalud Base,53,Ambos,6504.0,7680.0
La Positiva Seguros,Medisalud Base,54,Ambos,6564.0,7752.0
La Positiva Seguros,Medisalud Base,55,Ambos,7152.0,7908.0
La Positiva Seguros,Medisalud Base,56,Ambos,7584.0,8376.0
La Positiva Seguros,Medisalud Base,57,Ambos,7668.0,8904.0
La Positiva Seguros,Medisalud Base,58,Ambos,7788.0,9036.0
La Positiva Seguros,Medisalud Base,59,Ambos,8208.0,9516.0
La Positiva Seguros,Medisalud Base,60,Ambos,9336.0,10620.0
La Positiva Seguros,Medisalud Base,61,Ambos,9900.0,11484.0
La Positiva Seguros,Medisalud Base,62,Ambos,10956.0,12720.0
La Positiva Seguros,Medisalud Base,63,Ambos,11832.0,13716.0
La Positiva Seguros,Medisalud Base,64,Ambos,13188.0,15300.0
La Positiva Seguros,Medisalud Base,65,Ambos,13812.0,16020.0
La Positiva Seguros,Medisalud Base,66,Ambos,14376.0,16680.0
La Positiva Seguros,Medisalud Base,67,Ambos,15504.0,17988.0
La Positiva Seguros,Medisalud Base,68,Ambos,16512.0,19152.0
La Positiva Seguros,Medisalud Base,69,Ambos,17268.0,20040.0
La Positiva Seguros,Medisalud Base,70,Ambos,18012.0,20892.0
La Positiva Seguros,Medisalud Base,71,Ambos,0.0,0.0
La Positiva Seguros,Medisalud Base,72,Ambos,0.0,0.0
La Positiva Seguros,Medisalud Base,73,Ambos,0.0,0.0
La Positiva Seguros,Medisalud Base,74,Ambos,0.0,0.0
La Positiva Seguros,Medisalud Base,75,Ambos,0.0,0.0
La Positiva Seguros,Medisalud Base,76,Ambos,0.0,0.0
La Positiva Seguros,Medisalud Base,77,Ambos,0.0,0.0
La Positiva Seguros,Medisalud Base,78,Ambos,0.0,0.0
La Positiva Seguros,Medisalud Base,79,Ambos,0.0,0.0
La Positiva Seguros,Medisalud Base,80,Ambos,0.0,0.0
La Positiva Seguros,Medisalud Base,81,Ambos,0.0,0.0
La Positiva Seguros,Medisalud,0,Ambos,3624.0,4080.0
La Positiva Seguros,Medisalud,1,Ambos,3624.0,4080.0
La Positiva Seguros,Medisalud,2,Ambos,3624.0,4080.0
La Positiva Seguros,Medisalud,3,Ambos,3624.0,4080.0
La Positiva Seguros,Medisalud,4,Ambos,3624.0,4080.0
La Positiva Seguros,Medisalud,5,Ambos,3624.0,4080.0
La Positiva Seguros,Medisalud,6,Ambos,3624.0,4080.0
La Positiva Seguros,Medisalud,7,Ambos,3624.0,4080.0
La Positiva Seguros,Medisalud,8,Ambos,3624.0,4080.0
La Positiva Seguros,Medisalud,9,Ambos,3624.0,4080.0
La Positiva Seguros,Medisalud,10,Ambos,3624.0,4080.0
La Positiva Seguros,Medisalud,11,Ambos,3624.0,4080.0
La Positiva Seguros,Medisalud,12,Ambos,3624.0,4080.0
La Positiva Seguros,Medisalud,13,Ambos,3624.0,4080.0
La Positiva Seguros,Medisalud,14,Ambos,3624.0,4080.0
La Positiva Seguros,Medisalud,15,Ambos,3624.0,4080.0
La Positiva Seguros,Medisalud,16,Ambos,3624.0,4080.0
La Positiva Seguros,Medisalud,17,Ambos,3624.0,4080.0
La Positiva Seguros,Medisalud,18,Ambos,3624.0,4080.0
La Positiva Seguros,Medisalud,19,Ambos,3624.0,4080.0
La Positiva Seguros,Medisalud,20,Ambos,3624.0,4080.0
La Positiva Seguros,Medisalud,21,Ambos,3624.0,4080.0
La Positiva Seguros,Medisalud,22,Ambos,3624.0,4080.0
La Positiva Seguros,Medisalud,23,Ambos,3624.0,4080.0
La Positiva Seguros,Medisalud,24,Ambos,3624.0,4080.0
La Positiva Seguros,Medisalud,25,Ambos,3624.0,4080.0
La Positiva Seguros,Medisalud,26,Ambos,3648.0,4092.0
La Positiva Seguros,Medisalud,27,Ambos,3648.0,4092.0
La Positiva Seguros,Medisalud,28,Ambos,3648.0,4092.0
La Positiva Seguros,Medisalud,29,Ambos,3648.0,4092.0
La Positiva Seguros,Medisalud,30,Ambos,3648.0,4092.0
La Positiva Seguros,Medisalud,31,Ambos,3660.0,4116.0
La Positiva Seguros,Medisalud,32,Ambos,3660.0,4116.0
La Positiva Seguros,Medisalud,33,Ambos,3660.0,4116.0
La Positiva Seguros,Medisalud,34,Ambos,3660.0,4116.0
La Positiva Seguros,Medisalud,35,Ambos,3660.0,4116.0
La Positiva Seguros,Medisalud,36,Ambos,4200.0,4620.0
La Positiva Seguros,Medisalud,37,Ambos,4200.0,4620.0
La Positiva Seguros,Medisalud,38,Ambos,4200.0,4620.0
La Positiva Seguros,Medisalud,39,Ambos,4200.0,4620.0
La Positiva Seguros,Medisalud,40,Ambos,4200.0,4620.0
La Positiva Seguros,Medisalud,41,Ambos,4824.0,5436.0
La Positiva Seguros,Medisalud,42,Ambos,5208.0,5772.0
La Positiva Seguros,Medisalud,43,Ambos,5244.0,5880.0
La Positiva Seguros,Medisalud,44,Ambos,5436.0,6096.0
La Positiva Seguros,Medisalud,45,Ambos,5520.0,6252.0
La Positiva Seguros,Medisalud,46,Ambos,5664.0,6480.0
La Positiva Seguros,Medisalud,47,Ambos,6168.0,6816.0
La Positiva Seguros,Medisalud,48,Ambos,6360.0,6984.0
La Positiva Seguros,Medisalud,49,Ambos,6564.0,7212.0
La Positiva Seguros,Medisalud,50,Ambos,6864.0,7860.0
La Positiva Seguros,Medisalud,51,Ambos,7248.0,8280.0
La Positiva Seguros,Medisalud,52,Ambos,7704.0,8928.0
La Positiva Seguros,Medisalud,53,Ambos,8004.0,9288.0
La Positiva Seguros,Medisalud,54,Ambos,8280.0,9600.0
La Positiva Seguros,Medisalud,55,Ambos,9072.0,10032.0
La Positiva Seguros,Medisalud,56,Ambos,9600.0,10680.0
La Positiva Seguros,Medisalud,57,Ambos,9960.0,11352.0
La Positiva Seguros,Medisalud,58,Ambos,10440.0,11904.0
La Positiva Seguros,Medisalud,59,Ambos,10800.0,12312.0
La Positiva Seguros,Medisalud,60,Ambos,11316.0,12864.0
La Positiva Seguros,Medisalud,61,Ambos,11796.0,13680.0
La Positiva Seguros,Medisalud,62,Ambos,13056.0,15144.0
La Positiva Seguros,Medisalud,63,Ambos,14112.0,16368.0
La Positiva Seguros,Medisalud,64,Ambos,15720.0,18240.0
La Positiva Seguros,Medisalud,65,Ambos,16428.0,19056.0
La Positiva Seguros,Medisalud,66,Ambos,17088.0,19812.0
La Positiva Seguros,Medisalud,67,Ambos,18480.0,21432.0
La Positiva Seguros,Medisalud,68,Ambos,19668.0,22824.0
La Positiva Seguros,Medisalud,69,Ambos,20556.0,23844.0
La Positiva Seguros,Medisalud,70,Ambos,21468.0,24900.0
La Positiva Seguros,Medisalud,71,Ambos,0.0,0.0
La Positiva Seguros,Medisalud,72,Ambos,0.0,0.0
La Positiva Seguros,Medisalud,73,Ambos,0.0,0.0
La Positiva Seguros,Medisalud,74,Ambos,0.0,0.0
La Positiva Seguros,Medisalud,75,Ambos,0.0,0.0
La Positiva Seguros,Medisalud,76,Ambos,0.0,0.0
La Positiva Seguros,Medisalud,77,Ambos,0.0,0.0
La Positiva Seguros,Medisalud,78,Ambos,0.0,0.0
La Positiva Seguros,Medisalud,79,Ambos,0.0,0.0
La Positiva Seguros,Medisalud,80,Ambos,0.0,0.0
La Positiva Seguros,Medisalud,81,Ambos,0.0,0.0
La Positiva Seguros,Medisalud Plus,0,Ambos,4212.0,4644.0
La Positiva Seguros,Medisalud Plus,1,Ambos,4212.0,4644.0
La Positiva Seguros,Medisalud Plus,2,Ambos,4212.0,4644.0
La Positiva Seguros,Medisalud Plus,3,Ambos,4212.0,4644.0
La Positiva Seguros,Medisalud Plus,4,Ambos,4212.0,4644.0
La Positiva Seguros,Medisalud Plus,5,Ambos,4212.0,4644.0
La Positiva Seguros,Medisalud Plus,6,Ambos,4212.0,4644.0
La Positiva Seguros,Medisalud Plus,7,Ambos,4212.0,4644.0
La Positiva Seguros,Medisalud Plus,8,Ambos,4212.0,4644.0
La Positiva Seguros,Medisalud Plus,9,Ambos,4212.0,4644.0
La Positiva Seguros,Medisalud Plus,10,Ambos,4212.0,4644.0
La Positiva Seguros,Medisalud Plus,11,Ambos,4212.0,4644.0
La Positiva Seguros,Medisalud Plus,12,Ambos,4212.0,4644.0
La Positiva Seguros,Medisalud Plus,13,Ambos,4212.0,4644.0
La Positiva Seguros,Medisalud Plus,14,Ambos,4212.0,4644.0
La Positiva Seguros,Medisalud Plus,15,Ambos,4212.0,4644.0
La Positiva Seguros,Medisalud Plus,16,Ambos,4212.0,4644.0
La Positiva Seguros,Medisalud Plus,17,Ambos,4212.0,4644.0
La Positiva Seguros,Medisalud Plus,18,Ambos,4212.0,4644.0
La Positiva Seguros,Medisalud Plus,19,Ambos,4212.0,4644.0
La Positiva Seguros,Medisalud Plus,20,Ambos,4212.0,4644.0
La Positiva Seguros,Medisalud Plus,21,Ambos,4212.0,4644.0
La Positiva Seguros,Medisalud Plus,22,Ambos,4212.0,4644.0
La Positiva Seguros,Medisalud Plus,23,Ambos,4212.0,4644.0
La Positiva Seguros,Medisalud Plus,24,Ambos,4212.0,4644.0
La Positiva Seguros,Medisalud Plus,25,Ambos,4212.0,4644.0
La Positiva Seguros,Medisalud Plus,26,Ambos,4260.0,4692.0
La Positiva Seguros,Medisalud Plus,27,Ambos,4260.0,4692.0
La Positiva Seguros,Medisalud Plus,28,Ambos,4260.0,4692.0
La Positiva Seguros,Medisalud Plus,29,Ambos,4260.0,4692.0
La Positiva Seguros,Medisalud Plus,30,Ambos,4260.0,4692.0
La Positiva Seguros,Medisalud Plus,31,Ambos,4992.0,5796.0
La Positiva Seguros,Medisalud Plus,32,Ambos,4992.0,5796.0
La Positiva Seguros,Medisalud Plus,33,Ambos,4992.0,5796.0
La Positiva Seguros,Medisalud Plus,34,Ambos,4992.0,5796.0
La Positiva Seguros,Medisalud Plus,35,Ambos,4992.0,5796.0
La Positiva Seguros,Medisalud Plus,36,Ambos,5148.0,6204.0
La Positiva Seguros,Medisalud Plus,37,Ambos,5148.0,6204.0
La Positiva Seguros,Medisalud Plus,38,Ambos,5148.0,6204.0
La Positiva Seguros,Medisalud Plus,39,Ambos,5148.0,6204.0
La Positiva Seguros,Medisalud Plus,40,Ambos,5148.0,6204.0
La Positiva Seguros,Medisalud Plus,41,Ambos,5832.0,6828.0
La Positiva Seguros,Medisalud Plus,42,Ambos,6228.0,7464.0
La Positiva Seguros,Medisalud Plus,43,Ambos,6972.0,7992.0
La Positiva Seguros,Medisalud Plus,44,Ambos,7392.0,8460.0
La Positiva Seguros,Medisalud Plus,45,Ambos,7824.0,9108.0
La Positiva Seguros,Medisalud Plus,46,Ambos,8100.0,9240.0
La Positiva Seguros,Medisalud Plus,47,Ambos,8580.0,9660.0
La Positiva Seguros,Medisalud Plus,48,Ambos,8808.0,10020.0
La Positiva Seguros,Medisalud Plus,49,Ambos,9156.0,10584.0
La Positiva Seguros,Medisalud Plus,50,Ambos,9528.0,11016.0
La Positiva Seguros,Medisalud Plus,51,Ambos,10044.0,11580.0
La Positiva Seguros,Medisalud Plus,52,Ambos,10884.0,12240.0
La Positiva Seguros,Medisalud Plus,53,Ambos,10932.0,12288.0
La Positiva Seguros,Medisalud Plus,54,Ambos,11544.0,13044.0
La Positiva Seguros,Medisalud Plus,55,Ambos,12120.0,13608.0
La Positiva Seguros,Medisalud Plus,56,Ambos,12804.0,14388.0
La Positiva Seguros,Medisalud Plus,57,Ambos,13824.0,15516.0
La Positiva Seguros,Medisalud Plus,58,Ambos,14664.0,16404.0
La Positiva Seguros,Medisalud Plus,59,Ambos,15588.0,17424.0
La Positiva Seguros,Medisalud Plus,60,Ambos,16056.0,17784.0
La Positiva Seguros,Medisalud Plus,61,Ambos,16692.0,18876.0
La Positiva Seguros,Medisalud Plus,62,Ambos,17532.0,19812.0
La Positiva Seguros,Medisalud Plus,63,Ambos,18744.0,21180.0
La Positiva Seguros,Medisalud Plus,64,Ambos,20100.0,22704.0
La Positiva Seguros,Medisalud Plus,65,Ambos,21396.0,24180.0
La Positiva Seguros,Medisalud Plus,66,Ambos,23412.0,26448.0
La Positiva Seguros,Medisalud Plus,67,Ambos,25536.0,28860.0
La Positiva Seguros,Medisalud Plus,68,Ambos,27732.0,31344.0
La Positiva Seguros,Medisalud Plus,69,Ambos,29892.0,33780.0
La Positiva Seguros,Medisalud Plus,70,Ambos,31644.0,35760.0
La Positiva Seguros,Medisalud Plus,71,Ambos,0.0,0.0
La Positiva Seguros,Medisalud Plus,72,Ambos,0.0,0.0
La Positiva Seguros,Medisalud Plus,73,Ambos,0.0,0.0
La Positiva Seguros,Medisalud Plus,74,Ambos,0.0,0.0
La Positiva Seguros,Medisalud Plus,75,Ambos,0.0,0.0
La Positiva Seguros,Medisalud Plus,76,Ambos,0.0,0.0
La Positiva Seguros,Medisalud Plus,77,Ambos,0.0,0.0
La Positiva Seguros,Medisalud Plus,78,Ambos,0.0,0.0
La Positiva Seguros,Medisalud Plus,79,Ambos,0.0,0.0
La Positiva Seguros,Medisalud Plus,80,Ambos,0.0,0.0
La Positiva Seguros,Medisalud Plus,81,Ambos,0.0,0.0
La Positiva Seguros,Medisalud Premium,0,Ambos,5280.0,5700.0
La Positiva Seguros,Medisalud Premium,1,Ambos,5280.0,5700.0
La Positiva Seguros,Medisalud Premium,2,Ambos,5280.0,5700.0
La Positiva Seguros,Medisalud Premium,3,Ambos,5280.0,5700.0
La Positiva Seguros,Medisalud Premium,4,Ambos,5280.0,5700.0
La Positiva Seguros,Medisalud Premium,5,Ambos,5280.0,5700.0
La Positiva Seguros,Medisalud Premium,6,Ambos,5280.0,5700.0
La Positiva Seguros,Medisalud Premium,7,Ambos,5280.0,5700.0
La Positiva Seguros,Medisalud Premium,8,Ambos,5280.0,5700.0
La Positiva Seguros,Medisalud Premium,9,Ambos,5280.0,5700.0
La Positiva Seguros,Medisalud Premium,10,Ambos,5280.0,5700.0
La Positiva Seguros,Medisalud Premium,11,Ambos,5280.0,5700.0
La Positiva Seguros,Medisalud Premium,12,Ambos,5280.0,5700.0
La Positiva Seguros,Medisalud Premium,13,Ambos,5280.0,5700.0
La Positiva Seguros,Medisalud Premium,14,Ambos,5280.0,5700.0
La Positiva Seguros,Medisalud Premium,15,Ambos,5280.0,5700.0
La Positiva Seguros,Medisalud Premium,16,Ambos,5280.0,5700.0
La Positiva Seguros,Medisalud Premium,17,Ambos,5280.0,5700.0
La Positiva Seguros,Medisalud Premium,18,Ambos,5280.0,5700.0
La Positiva Seguros,Medisalud Premium,19,Ambos,5280.0,5700.0
La Positiva Seguros,Medisalud Premium,20,Ambos,5280.0,5700.0
La Positiva Seguros,Medisalud Premium,21,Ambos,5280.0,5700.0
La Positiva Seguros,Medisalud Premium,22,Ambos,5280.0,5700.0
La Positiva Seguros,Medisalud Premium,23,Ambos,5280.0,5700.0
La Positiva Seguros,Medisalud Premium,24,Ambos,5280.0,5700.0
La Positiva Seguros,Medisalud Premium,25,Ambos,5280.0,5700.0
La Positiva Seguros,Medisalud Premium,26,Ambos,5388.0,5844.0
La Positiva Seguros,Medisalud Premium,27,Ambos,5388.0,5844.0
La Positiva Seguros,Medisalud Premium,28,Ambos,5388.0,5844.0
La Positiva Seguros,Medisalud Premium,29,Ambos,5388.0,5844.0
La Positiva Seguros,Medisalud Premium,30,Ambos,5388.0,5844.0
La Positiva Seguros,Medisalud Premium,31,Ambos,6084.0,6672.0
La Positiva Seguros,Medisalud Premium,32,Ambos,6084.0,6672.0
La Positiva Seguros,Medisalud Premium,33,Ambos,6084.0,6672.0
La Positiva Seguros,Medisalud Premium,34,Ambos,6084.0,6672.0
La Positiva Seguros,Medisalud Premium,35,Ambos,6084.0,6672.0
La Positiva Seguros,Medisalud Premium,36,Ambos,7128.0,7668.0
La Positiva Seguros,Medisalud Premium,37,Ambos,7128.0,7668.0
La Positiva Seguros,Medisalud Premium,38,Ambos,7128.0,7668.0
La Positiva Seguros,Medisalud Premium,39,Ambos,7128.0,7668.0
La Positiva Seguros,Medisalud Premium,40,Ambos,7128.0,7668.0
La Positiva Seguros,Medisalud Premium,41,Ambos,8256.0,8940.0
La Positiva Seguros,Medisalud Premium,42,Ambos,8952.0,9684.0
La Positiva Seguros,Medisalud Premium,43,Ambos,9660.0,10440.0
La Positiva Seguros,Medisalud Premium,44,Ambos,9996.0,10848.0
La Positiva Seguros,Medisalud Premium,45,Ambos,10272.0,11136.0
La Positiva Seguros,Medisalud Premium,46,Ambos,11112.0,12312.0
La Positiva Seguros,Medisalud Premium,47,Ambos,11640.0,12948.0
La Positiva Seguros,Medisalud Premium,48,Ambos,12060.0,13392.0
La Positiva Seguros,Medisalud Premium,49,Ambos,12432.0,13800.0
La Positiva Seguros,Medisalud Premium,50,Ambos,12576.0,14004.0
La Positiva Seguros,Medisalud Premium,51,Ambos,12960.0,14412.0
La Positiva Seguros,Medisalud Premium,52,Ambos,13116.0,14568.0
La Positiva Seguros,Medisalud Premium,53,Ambos,13272.0,14712.0
La Positiva Seguros,Medisalud Premium,54,Ambos,13620.0,15204.0
La Positiva Seguros,Medisalud Premium,55,Ambos,14052.0,15600.0
La Positiva Seguros,Medisalud Premium,56,Ambos,14268.0,16140.0
La Positiva Seguros,Medisalud Premium,57,Ambos,15084.0,16752.0
La Positiva Seguros,Medisalud Premium,58,Ambos,16008.0,17784.0
La Positiva Seguros,Medisalud Premium,59,Ambos,16980.0,18852.0
La Positiva Seguros,Medisalud Premium,60,Ambos,17676.0,19620.0
La Positiva Seguros,Medisalud Premium,61,Ambos,18732.0,20796.0
La Positiva Seguros,Medisalud Premium,62,Ambos,19800.0,21984.0
La Positiva Seguros,Medisalud Premium,63,Ambos,20736.0,1948.0
La Positiva Seguros,Medisalud Premium,64,Ambos,22164.0,25092.0
La Positiva Seguros,Medisalud Premium,65,Ambos,23700.0,26700.0
La Positiva Seguros,Medisalud Premium,66,Ambos,26592.0,29520.0
La Positiva Seguros,Medisalud Premium,67,Ambos,29256.0,32460.0
La Positiva Seguros,Medisalud Premium,68,Ambos,30960.0,34536.0
La Positiva Seguros,Medisalud Premium,69,Ambos,32904.0,37260.0
La Positiva Seguros,Medisalud Premium,70,Ambos,35280.0,39348.0
La Positiva Seguros,Medisalud Premium,71,Ambos,0.0,0.0
La Positiva Seguros,Medisalud Premium,72,Ambos,0.0,0.0
La Positiva Seguros,Medisalud Premium,73,Ambos,0.0,0.0
La Positiva Seguros,Medisalud Premium,74,Ambos,0.0,0.0
La Positiva Seguros,Medisalud Premium,75,Ambos,0.0,0.0
La Positiva Seguros,Medisalud Premium,76,Ambos,0.0,0.0
La Positiva Seguros,Medisalud Premium,77,Ambos,0.0,0.0
La Positiva Seguros,Medisalud Premium,78,Ambos,0.0,0.0
La Positiva Seguros,Medisalud Premium,79,Ambos,0.0,0.0
La Positiva Seguros,Medisalud Premium,80,Ambos,0.0,0.0
La Positiva Seguros,Medisalud Premium,81,Ambos,0.0,0.0
Mapfre Seguros,Viva Salud,0,Ambos,2251.0,0.0
Mapfre Seguros,Viva Salud,1,Ambos,1955.0,0.0
Mapfre Seguros,Viva Salud,2,Ambos,1768.0,0.0
Mapfre Seguros,Viva Salud,3,Ambos,1697.0,0.0
Mapfre Seguros,Viva Salud,4,Ambos,1716.0,0.0
Mapfre Seguros,Viva Salud,5,Ambos,1792.0,0.0
Mapfre Seguros,Viva Salud,6,Ambos,1892.0,0.0
Mapfre Seguros,Viva Salud,7,Ambos,2002.0,0.0
Mapfre Seguros,Viva Salud,8,Ambos,2114.0,0.0
Mapfre Seguros,Viva Salud,9,Ambos,2226.0,0.0
Mapfre Seguros,Viva Salud,10,Ambos,2337.0,0.0
Mapfre Seguros,Viva Salud,11,Ambos,2444.0,0.0
Mapfre Seguros,Viva Salud,12,Ambos,2546.0,0.0
Mapfre Seguros,Viva Salud,13,Ambos,2640.0,0.0
Mapfre Seguros,Viva Salud,14,Ambos,2729.0,0.0
Mapfre Seguros,Viva Salud,15,Ambos,28110.0,0.0
Mapfre Seguros,Viva Salud,16,Ambos,2886.0,0.0
Mapfre Seguros,Viva Salud,17,Ambos,2954.0,0.0
Mapfre Seguros,Viva Salud,18,Ambos,3017.0,0.0
Mapfre Seguros,Viva Salud,19,Ambos,3074.0,0.0
Mapfre Seguros,Viva Salud,20,Ambos,3130.0,0.0
Mapfre Seguros,Viva Salud,21,Ambos,3183.0,0.0
Mapfre Seguros,Viva Salud,22,Ambos,3235.0,0.0
Mapfre Seguros,Viva Salud,23,Ambos,3290.0,0.0
Mapfre Seguros,Viva Salud,24,Ambos,3346.0,0.0
Mapfre Seguros,Viva Salud,25,Ambos,3401.0,0.0
Mapfre Seguros,Viva Salud,26,Ambos,3454.0,0.0
Mapfre Seguros,Viva Salud,27,Ambos,3506.0,0.0
Mapfre Seguros,Viva Salud,28,Ambos,3557.0,0.0
Mapfre Seguros,Viva Salud,29,Ambos,3605.0,0.0
Mapfre Seguros,Viva Salud,30,Ambos,3656.0,0.0
Mapfre Seguros,Viva Salud,31,Ambos,3703.0,0.0
Mapfre Seguros,Viva Salud,32,Ambos,3751.0,0.0
Mapfre Seguros,Viva Salud,33,Ambos,3798.0,0.0
Mapfre Seguros,Viva Salud,34,Ambos,3850.0,0.0
Mapfre Seguros,Viva Salud,35,Ambos,3910.0,0.0
Mapfre Seguros,Viva Salud,36,Ambos,3981.0,0.0
Mapfre Seguros,Viva Salud,37,Ambos,4066.0,0.0
Mapfre Seguros,Viva Salud,38,Ambos,4168.0,0.0
Mapfre Seguros,Viva Salud,39,Ambos,4290.0,0.0
Mapfre Seguros,Viva Salud,40,Ambos,4435.0,0.0
Mapfre Seguros,Viva Salud,41,Ambos,4605.0,0.0
Mapfre Seguros,Viva Salud,42,Ambos,4798.0,0.0
Mapfre Seguros,Viva Salud,43,Ambos,5017.0,0.0
Mapfre Seguros,Viva Salud,44,Ambos,5256.0,0.0
Mapfre Seguros,Viva Salud,45,Ambos,5518.0,0.0
Mapfre Seguros,Viva Salud,46,Ambos,5799.0,0.0
Mapfre Seguros,Viva Salud,47,Ambos,6099.0,0.0
Mapfre Seguros,Viva Salud,48,Ambos,6414.0,0.0
Mapfre Seguros,Viva Salud,49,Ambos,6744.0,0.0
Mapfre Seguros,Viva Salud,50,Ambos,7088.0,0.0
Mapfre Seguros,Viva Salud,51,Ambos,7442.0,0.0
Mapfre Seguros,Viva Salud,52,Ambos,7809.0,0.0
Mapfre Seguros,Viva Salud,53,Ambos,8185.0,0.0
Mapfre Seguros,Viva Salud,54,Ambos,8572.0,0.0
Mapfre Seguros,Viva Salud,55,Ambos,8968.0,0.0
Mapfre Seguros,Viva Salud,56,Ambos,9372.0,0.0
Mapfre Seguros,Viva Salud,57,Ambos,9782.0,0.0
Mapfre Seguros,Viva Salud,58,Ambos,10196.0,0.0
Mapfre Seguros,Viva Salud,59,Ambos,10613.0,0.0
Mapfre Seguros,Viva Salud,60,Ambos,11031.0,0.0
Mapfre Seguros,Viva Salud,61,Ambos,11449.0,0.0
Mapfre Seguros,Viva Salud,62,Ambos,11863.0,0.0
Mapfre Seguros,Viva Salud,63,Ambos,12269.0,0.0
Mapfre Seguros,Viva Salud,64,Ambos,12663.0,0.0
Mapfre Seguros,Viva Salud,65,Ambos,13042.0,0.0
Mapfre Seguros,Viva Salud,66,Ambos,0.0,0.0
Mapfre Seguros,Viva Salud,67,Ambos,0.0,0.0
Mapfre Seguros,Viva Salud,68,Ambos,0.0,0.0
Mapfre Seguros,Viva Salud,69,Ambos,0.0,0.0
Mapfre Seguros,Viva Salud,70,Ambos,0.0,0.0
Mapfre Seguros,Viva Salud,71,Ambos,0.0,0.0
Mapfre Seguros,Viva Salud,72,Ambos,0.0,0.0
Mapfre Seguros,Viva Salud,73,Ambos,0.0,0.0
Mapfre Seguros,Viva Salud,74,Ambos,0.0,0.0
Mapfre Seguros,Viva Salud,75,Ambos,0.0,0.0
Mapfre Seguros,Viva Salud,76,Ambos,0.0,0.0
Mapfre Seguros,Viva Salud,77,Ambos,0.0,0.0
Mapfre Seguros,Viva Salud,78,Ambos,0.0,0.0
Mapfre Seguros,Viva Salud,79,Ambos,0.0,0.0
Mapfre Seguros,Viva Salud,80,Ambos,0.0,0.0
Mapfre Seguros,Viva Salud,81,Ambos,0.0,0.0
Mapfre Seguros,Trébol Salud,0,Ambos,3098.0,0.0
Mapfre Seguros,Trébol Salud,1,Ambos,2693.0,0.0
Mapfre Seguros,Trébol Salud,2,Ambos,2421.0,0.0
Mapfre Seguros,Trébol Salud,3,Ambos,2309.0,0.0
Mapfre Seguros,Trébol Salud,4,Ambos,2326.0,0.0
Mapfre Seguros,Trébol Salud,5,Ambos,2423.0,0.0
Mapfre Seguros,Trébol Salud,6,Ambos,2556.0,0.0
Mapfre Seguros,Trébol Salud,7,Ambos,2702.0,0.0
Mapfre Seguros,Trébol Salud,8,Ambos,2850.0,0.0
Mapfre Seguros,Trébol Salud,9,Ambos,2999.0,0.0
Mapfre Seguros,Trébol Salud,10,Ambos,3146.0,0.0
Mapfre Seguros,Trébol Salud,11,Ambos,3288.0,0.0
Mapfre Seguros,Trébol Salud,12,Ambos,3424.0,0.0
Mapfre Seguros,Trébol Salud,13,Ambos,3550.0,0.0
Mapfre Seguros,Trébol Salud,14,Ambos,3669.0,0.0
Mapfre Seguros,Trébol Salud,15,Ambos,3779.0,0.0
Mapfre Seguros,Trébol Salud,16,Ambos,3879.0,0.0
Mapfre Seguros,Trébol Salud,17,Ambos,3972.0,0.0
Mapfre Seguros,Trébol Salud,18,Ambos,4059.0,0.0
Mapfre Seguros,Trébol Salud,19,Ambos,4139.0,0.0
Mapfre Seguros,Trébol Salud,20,Ambos,4215.0,0.0
Mapfre Seguros,Trébol Salud,21,Ambos,4290.0,0.0
Mapfre Seguros,Trébol Salud,22,Ambos,4364.0,0.0
Mapfre Seguros,Trébol Salud,23,Ambos,4441.0,0.0
Mapfre Seguros,Trébol Salud,24,Ambos,4518.0,0.0
Mapfre Seguros,Trébol Salud,25,Ambos,4595.0,0.0
Mapfre Seguros,Trébol Salud,26,Ambos,4672.0,0.0
Mapfre Seguros,Trébol Salud,27,Ambos,4749.0,0.0
Mapfre Seguros,Trébol Salud,28,Ambos,4824.0,0.0
Mapfre Seguros,Trébol Salud,29,Ambos,4896.0,0.0
Mapfre Seguros,Trébol Salud,30,Ambos,4966.0,0.0
Mapfre Seguros,Trébol Salud,31,Ambos,5032.0,0.0
Mapfre Seguros,Trébol Salud,32,Ambos,5095.0,0.0
Mapfre Seguros,Trébol Salud,33,Ambos,5157.0,0.0
Mapfre Seguros,Trébol Salud,34,Ambos,5224.0,0.0
Mapfre Seguros,Trébol Salud,35,Ambos,5301.0,0.0
Mapfre Seguros,Trébol Salud,36,Ambos,5393.0,0.0
Mapfre Seguros,Trébol Salud,37,Ambos,5503.0,0.0
Mapfre Seguros,Trébol Salud,38,Ambos,5636.0,0.0
Mapfre Seguros,Trébol Salud,39,Ambos,5795.0,0.0
Mapfre Seguros,Trébol Salud,40,Ambos,5987.0,0.0
Mapfre Seguros,Trébol Salud,41,Ambos,6212.0,0.0
Mapfre Seguros,Trébol Salud,42,Ambos,6470.0,0.0
Mapfre Seguros,Trébol Salud,43,Ambos,6761.0,0.0
Mapfre Seguros,Trébol Salud,44,Ambos,7083.0,0.0
Mapfre Seguros,Trébol Salud,45,Ambos,7433.0,0.0
Mapfre Seguros,Trébol Salud,46,Ambos,7810.0,0.0
Mapfre Seguros,Trébol Salud,47,Ambos,8212.0,0.0
Mapfre Seguros,Trébol Salud,48,Ambos,8635.0,0.0
Mapfre Seguros,Trébol Salud,49,Ambos,9078.0,0.0
Mapfre Seguros,Trébol Salud,50,Ambos,9537.0,0.0
Mapfre Seguros,Trébol Salud,51,Ambos,10013.0,0.0
Mapfre Seguros,Trébol Salud,52,Ambos,10504.0,0.0
Mapfre Seguros,Trébol Salud,53,Ambos,11010.0,0.0
Mapfre Seguros,Trébol Salud,54,Ambos,11529.0,0.0
Mapfre Seguros,Trébol Salud,55,Ambos,12060.0,0.0
Mapfre Seguros,Trébol Salud,56,Ambos,12602.0,0.0
Mapfre Seguros,Trébol Salud,57,Ambos,13153.0,0.0
Mapfre Seguros,Trébol Salud,58,Ambos,13710.0,0.0
Mapfre Seguros,Trébol Salud,59,Ambos,14273.0,0.0
Mapfre Seguros,Trébol Salud,60,Ambos,14837.0,0.0
Mapfre Seguros,Trébol Salud,61,Ambos,15402.0,0.0
Mapfre Seguros,Trébol Salud,62,Ambos,15961.0,0.0
Mapfre Seguros,Trébol Salud,63,Ambos,16511.0,0.0
Mapfre Seguros,Trébol Salud,64,Ambos,17044.0,0.0
Mapfre Seguros,Trébol Salud,65,Ambos,17558.0,0.0
Mapfre Seguros,Trébol Salud,66,Ambos,0.0,0.0
Mapfre Seguros,Trébol Salud,67,Ambos,0.0,0.0
Mapfre Seguros,Trébol Salud,68,Ambos,0.0,0.0
Mapfre Seguros,Trébol Salud,69,Ambos,0.0,0.0
Mapfre Seguros,Trébol Salud,70,Ambos,0.0,0.0
Mapfre Seguros,Trébol Salud,71,Ambos,0.0,0.0
Mapfre Seguros,Trébol Salud,72,Ambos,0.0,0.0
Mapfre Seguros,Trébol Salud,73,Ambos,0.0,0.0
Mapfre Seguros,Trébol Salud,74,Ambos,0.0,0.0
Mapfre Seguros,Trébol Salud,75,Ambos,0.0,0.0
Mapfre Seguros,Trébol Salud,76,Ambos,0.0,0.0
Mapfre Seguros,Trébol Salud,77,Ambos,0.0,0.0
Mapfre Seguros,Trébol Salud,78,Ambos,0.0,0.0
Mapfre Seguros,Trébol Salud,79,Ambos,0.0,0.0
Mapfre Seguros,Trébol Salud,80,Ambos,0.0,0.0
Mapfre Seguros,Trébol Salud,81,Ambos,0.0,0.0
